step,rollout/ep_rew_mean,train/entropy_loss,entropy,algorithm,condition,safety,seed,experiment,run_id
2048,-235.44222766739975,-3.0048461699954108,3.0048461699954108,FP3O,Type-Conditioned,True,seed_0,FP3O_Coupled_Safety_True,39
4054,-224.64891449449934,-2.980963642574035,2.980963642574035,FP3O,Type-Conditioned,True,seed_0,FP3O_Coupled_Safety_True,39
6060,-228.65464934445842,-2.955447467972106,2.955447467972106,FP3O,Type-Conditioned,True,seed_0,FP3O_Coupled_Safety_True,39
8066,-231.70719678301705,-2.905605565300654,2.905605565300654,FP3O,Type-Conditioned,True,seed_0,FP3O_Coupled_Safety_True,39
10072,-221.03085087637618,-2.866668138319337,2.866668138319337,FP3O,Type-Conditioned,True,seed_0,FP3O_Coupled_Safety_True,39
12079,-217.9929866589045,-2.8386864788367467,2.8386864788367467,FP3O,Type-Conditioned,True,seed_0,FP3O_Coupled_Safety_True,39
14085,-223.9561697519045,-2.8202159593944187,2.8202159593944187,FP3O,Type-Conditioned,True,seed_0,FP3O_Coupled_Safety_True,39
16091,-221.48992888503602,-2.782242300679358,2.782242300679358,FP3O,Type-Conditioned,True,seed_0,FP3O_Coupled_Safety_True,39
18097,-226.05882330242207,-2.7506643069126944,2.7506643069126944,FP3O,Type-Conditioned,True,seed_0,FP3O_Coupled_Safety_True,39
20104,-229.3750765644458,-2.7090344882909325,2.7090344882909325,FP3O,Type-Conditioned,True,seed_0,FP3O_Coupled_Safety_True,39
22110,-226.9216219877384,-2.669637293561745,2.669637293561745,FP3O,Type-Conditioned,True,seed_0,FP3O_Coupled_Safety_True,39
24116,-238.63554095884214,-2.6586544030772434,2.6586544030772434,FP3O,Type-Conditioned,True,seed_0,FP3O_Coupled_Safety_True,39
26122,-246.24506255871756,-2.6536450050133653,2.6536450050133653,FP3O,Type-Conditioned,True,seed_0,FP3O_Coupled_Safety_True,39
28128,-244.30254299908037,-2.6296356332347885,2.6296356332347885,FP3O,Type-Conditioned,True,seed_0,FP3O_Coupled_Safety_True,39
30135,-244.93980195083256,-2.619854589452875,2.619854589452875,FP3O,Type-Conditioned,True,seed_0,FP3O_Coupled_Safety_True,39
32141,-236.52251745183966,-2.6017432304217953,2.6017432304217953,FP3O,Type-Conditioned,True,seed_0,FP3O_Coupled_Safety_True,39
34147,-236.56153486990152,-2.5724398740176495,2.5724398740176495,FP3O,Type-Conditioned,True,seed_0,FP3O_Coupled_Safety_True,39
36153,-238.85657841448577,-2.5570562440201328,2.5570562440201328,FP3O,Type-Conditioned,True,seed_0,FP3O_Coupled_Safety_True,39
38160,-222.83026469062136,-2.555377687648698,2.555377687648698,FP3O,Type-Conditioned,True,seed_0,FP3O_Coupled_Safety_True,39
40166,-219.15624427490107,-2.5345318825343064,2.5345318825343064,FP3O,Type-Conditioned,True,seed_0,FP3O_Coupled_Safety_True,39
42172,-213.75141679746318,-2.5325389787761137,2.5325389787761137,FP3O,Type-Conditioned,True,seed_0,FP3O_Coupled_Safety_True,39
44178,-217.05142844602426,-2.483997428226721,2.483997428226721,FP3O,Type-Conditioned,True,seed_0,FP3O_Coupled_Safety_True,39
46184,-213.96240849247496,-2.4775613235204457,2.4775613235204457,FP3O,Type-Conditioned,True,seed_0,FP3O_Coupled_Safety_True,39
48191,-207.13951156908928,-2.462883682943586,2.462883682943586,FP3O,Type-Conditioned,True,seed_0,FP3O_Coupled_Safety_True,39
50197,-207.66414012344944,-2.4449867933266614,2.4449867933266614,FP3O,Type-Conditioned,True,seed_0,FP3O_Coupled_Safety_True,39
52203,-199.33526535235202,-2.4322774655069894,2.4322774655069894,FP3O,Type-Conditioned,True,seed_0,FP3O_Coupled_Safety_True,39
54209,-197.02341354052464,-2.3998219891994443,2.3998219891994443,FP3O,Type-Conditioned,True,seed_0,FP3O_Coupled_Safety_True,39
56216,-192.96057526916564,-2.3880496003959935,2.3880496003959935,FP3O,Type-Conditioned,True,seed_0,FP3O_Coupled_Safety_True,39
58222,-190.62299001745748,-2.382269823256501,2.382269823256501,FP3O,Type-Conditioned,True,seed_0,FP3O_Coupled_Safety_True,39
60228,-176.50169517370762,-2.3863820478868845,2.3863820478868845,FP3O,Type-Conditioned,True,seed_0,FP3O_Coupled_Safety_True,39
62234,-173.61200329667884,-2.3708418093842107,2.3708418093842107,FP3O,Type-Conditioned,True,seed_0,FP3O_Coupled_Safety_True,39
64240,-175.59718780268162,-2.3541502703555826,2.3541502703555826,FP3O,Type-Conditioned,True,seed_0,FP3O_Coupled_Safety_True,39
66247,-168.43034495812287,-2.3416880050921853,2.3416880050921853,FP3O,Type-Conditioned,True,seed_0,FP3O_Coupled_Safety_True,39
68253,-171.1838891142202,-2.3417947774093872,2.3417947774093872,FP3O,Type-Conditioned,True,seed_0,FP3O_Coupled_Safety_True,39
70259,-167.02112239258315,-2.336139310502676,2.336139310502676,FP3O,Type-Conditioned,True,seed_0,FP3O_Coupled_Safety_True,39
72265,-172.102858900366,-2.3238300812797803,2.3238300812797803,FP3O,Type-Conditioned,True,seed_0,FP3O_Coupled_Safety_True,39
74272,-173.17220695791667,-2.3203362696141467,2.3203362696141467,FP3O,Type-Conditioned,True,seed_0,FP3O_Coupled_Safety_True,39
76278,-167.9654587505205,-2.3134717590257035,2.3134717590257035,FP3O,Type-Conditioned,True,seed_0,FP3O_Coupled_Safety_True,39
78284,-161.7758815197325,-2.312720568436626,2.312720568436626,FP3O,Type-Conditioned,True,seed_0,FP3O_Coupled_Safety_True,39
80290,-158.76522717919755,-2.300219245958269,2.300219245958269,FP3O,Type-Conditioned,True,seed_0,FP3O_Coupled_Safety_True,39
82296,-157.19798325715263,-2.2914697586794506,2.2914697586794506,FP3O,Type-Conditioned,True,seed_0,FP3O_Coupled_Safety_True,39
84303,-156.3705313615987,-2.2831485975450976,2.2831485975450976,FP3O,Type-Conditioned,True,seed_0,FP3O_Coupled_Safety_True,39
86309,-158.84609111553056,-2.269878248282315,2.269878248282315,FP3O,Type-Conditioned,True,seed_0,FP3O_Coupled_Safety_True,39
88315,-158.3009872949162,-2.267635554645764,2.267635554645764,FP3O,Type-Conditioned,True,seed_0,FP3O_Coupled_Safety_True,39
90321,-156.93428485621632,-2.2648220613197987,2.2648220613197987,FP3O,Type-Conditioned,True,seed_0,FP3O_Coupled_Safety_True,39
92328,-152.37963637463986,-2.260662985016524,2.260662985016524,FP3O,Type-Conditioned,True,seed_0,FP3O_Coupled_Safety_True,39
94334,-150.50734010234083,-2.2557780383661634,2.2557780383661634,FP3O,Type-Conditioned,True,seed_0,FP3O_Coupled_Safety_True,39
96340,-152.3257971599134,-2.2480245533025864,2.2480245533025864,FP3O,Type-Conditioned,True,seed_0,FP3O_Coupled_Safety_True,39
98346,-150.14789080637462,-2.2452050930933773,2.2452050930933773,FP3O,Type-Conditioned,True,seed_0,FP3O_Coupled_Safety_True,39
100353,-148.17820235268204,-2.2458520709648644,2.2458520709648644,FP3O,Type-Conditioned,True,seed_0,FP3O_Coupled_Safety_True,39
2048,-242.03280279016892,-3.0042847287296044,3.0042847287296044,FP3O,Type-Conditioned,True,seed_1,FP3O_Coupled_Safety_True,39
4054,-227.40274212675922,-2.964671961413362,2.964671961413362,FP3O,Type-Conditioned,True,seed_1,FP3O_Coupled_Safety_True,39
6060,-226.44713709467985,-2.9032321503276592,2.9032321503276592,FP3O,Type-Conditioned,True,seed_1,FP3O_Coupled_Safety_True,39
8066,-224.31946519127848,-2.8719485815324703,2.8719485815324703,FP3O,Type-Conditioned,True,seed_1,FP3O_Coupled_Safety_True,39
10072,-223.89710422380287,-2.819013306814829,2.819013306814829,FP3O,Type-Conditioned,True,seed_1,FP3O_Coupled_Safety_True,39
12079,-234.56067878315747,-2.7936948548482605,2.7936948548482605,FP3O,Type-Conditioned,True,seed_1,FP3O_Coupled_Safety_True,39
14085,-229.80021135859374,-2.7734521230014124,2.7734521230014124,FP3O,Type-Conditioned,True,seed_1,FP3O_Coupled_Safety_True,39
16091,-224.20374269621007,-2.7266269232188036,2.7266269232188036,FP3O,Type-Conditioned,True,seed_1,FP3O_Coupled_Safety_True,39
18097,-203.29821119949676,-2.706489617766045,2.706489617766045,FP3O,Type-Conditioned,True,seed_1,FP3O_Coupled_Safety_True,39
20104,-201.66734560248057,-2.6790569686895003,2.6790569686895003,FP3O,Type-Conditioned,True,seed_1,FP3O_Coupled_Safety_True,39
22110,-195.85785662508164,-2.6577789852823726,2.6577789852823726,FP3O,Type-Conditioned,True,seed_1,FP3O_Coupled_Safety_True,39
24116,-191.69115434021325,-2.650177106994964,2.650177106994964,FP3O,Type-Conditioned,True,seed_1,FP3O_Coupled_Safety_True,39
26122,-193.5017210831046,-2.6143666133744023,2.6143666133744023,FP3O,Type-Conditioned,True,seed_1,FP3O_Coupled_Safety_True,39
28128,-179.6336155391745,-2.5748369820859245,2.5748369820859245,FP3O,Type-Conditioned,True,seed_1,FP3O_Coupled_Safety_True,39
30135,-169.12379716584402,-2.536849823871118,2.536849823871118,FP3O,Type-Conditioned,True,seed_1,FP3O_Coupled_Safety_True,39
32141,-158.80210451892486,-2.5028442034843548,2.5028442034843548,FP3O,Type-Conditioned,True,seed_1,FP3O_Coupled_Safety_True,39
34147,-158.46108142219413,-2.4801480425384645,2.4801480425384645,FP3O,Type-Conditioned,True,seed_1,FP3O_Coupled_Safety_True,39
36153,-143.6522676975865,-2.463400380658934,2.463400380658934,FP3O,Type-Conditioned,True,seed_1,FP3O_Coupled_Safety_True,39
38160,-145.57118311835606,-2.446270819774132,2.446270819774132,FP3O,Type-Conditioned,True,seed_1,FP3O_Coupled_Safety_True,39
40166,-134.80358212448954,-2.435770299526972,2.435770299526972,FP3O,Type-Conditioned,True,seed_1,FP3O_Coupled_Safety_True,39
42172,-116.27662071332122,-2.4159166285315656,2.4159166285315656,FP3O,Type-Conditioned,True,seed_1,FP3O_Coupled_Safety_True,39
44178,-116.7339921560645,-2.4126383651054777,2.4126383651054777,FP3O,Type-Conditioned,True,seed_1,FP3O_Coupled_Safety_True,39
46184,-113.62047825340777,-2.389789835213485,2.389789835213485,FP3O,Type-Conditioned,True,seed_1,FP3O_Coupled_Safety_True,39
48191,-106.6030384784327,-2.399585752975785,2.399585752975785,FP3O,Type-Conditioned,True,seed_1,FP3O_Coupled_Safety_True,39
50197,-102.90498156863995,-2.3847274447441684,2.3847274447441684,FP3O,Type-Conditioned,True,seed_1,FP3O_Coupled_Safety_True,39
52203,-103.9958608546427,-2.3555924177314944,2.3555924177314944,FP3O,Type-Conditioned,True,seed_1,FP3O_Coupled_Safety_True,39
54209,-96.2692592732068,-2.327229200169869,2.327229200169869,FP3O,Type-Conditioned,True,seed_1,FP3O_Coupled_Safety_True,39
56216,-94.54463079937985,-2.3165810377031906,2.3165810377031906,FP3O,Type-Conditioned,True,seed_1,FP3O_Coupled_Safety_True,39
58222,-85.49058130550718,-2.2994952800228026,2.2994952800228026,FP3O,Type-Conditioned,True,seed_1,FP3O_Coupled_Safety_True,39
60228,-83.82832039144395,-2.292208251978273,2.292208251978273,FP3O,Type-Conditioned,True,seed_1,FP3O_Coupled_Safety_True,39
62234,-71.32791269071508,-2.2825045393079075,2.2825045393079075,FP3O,Type-Conditioned,True,seed_1,FP3O_Coupled_Safety_True,39
64240,-70.78974425836465,-2.2682453553968163,2.2682453553968163,FP3O,Type-Conditioned,True,seed_1,FP3O_Coupled_Safety_True,39
66247,-68.01592433008517,-2.2484858229478215,2.2484858229478215,FP3O,Type-Conditioned,True,seed_1,FP3O_Coupled_Safety_True,39
68253,-60.96920248596649,-2.225339269124068,2.225339269124068,FP3O,Type-Conditioned,True,seed_1,FP3O_Coupled_Safety_True,39
70259,-62.94019305674561,-2.213426306135161,2.213426306135161,FP3O,Type-Conditioned,True,seed_1,FP3O_Coupled_Safety_True,39
72265,-58.726572858481774,-2.212389572320975,2.212389572320975,FP3O,Type-Conditioned,True,seed_1,FP3O_Coupled_Safety_True,39
74272,-51.366746421399704,-2.205641085678207,2.205641085678207,FP3O,Type-Conditioned,True,seed_1,FP3O_Coupled_Safety_True,39
76278,-55.444758845066474,-2.1886685687000806,2.1886685687000806,FP3O,Type-Conditioned,True,seed_1,FP3O_Coupled_Safety_True,39
78284,-52.40582275406233,-2.183426446991789,2.183426446991789,FP3O,Type-Conditioned,True,seed_1,FP3O_Coupled_Safety_True,39
80290,-49.64952977478736,-2.1794902277591097,2.1794902277591097,FP3O,Type-Conditioned,True,seed_1,FP3O_Coupled_Safety_True,39
82296,-45.85481573219829,-2.167484279556103,2.167484279556103,FP3O,Type-Conditioned,True,seed_1,FP3O_Coupled_Safety_True,39
84303,-48.517542817857866,-2.1629577028676437,2.1629577028676437,FP3O,Type-Conditioned,True,seed_1,FP3O_Coupled_Safety_True,39
86309,-50.44234269168119,-2.157846007214059,2.157846007214059,FP3O,Type-Conditioned,True,seed_1,FP3O_Coupled_Safety_True,39
88315,-47.09013962544575,-2.1468395014001604,2.1468395014001604,FP3O,Type-Conditioned,True,seed_1,FP3O_Coupled_Safety_True,39
90321,-45.02152947759353,-2.144471158517057,2.144471158517057,FP3O,Type-Conditioned,True,seed_1,FP3O_Coupled_Safety_True,39
92328,-43.51963616135369,-2.14245795295594,2.14245795295594,FP3O,Type-Conditioned,True,seed_1,FP3O_Coupled_Safety_True,39
94334,-42.21874339987354,-2.141559084347556,2.141559084347556,FP3O,Type-Conditioned,True,seed_1,FP3O_Coupled_Safety_True,39
96340,-42.745118694347376,-2.139004405174649,2.139004405174649,FP3O,Type-Conditioned,True,seed_1,FP3O_Coupled_Safety_True,39
98346,-41.75592258345253,-2.1297297931421055,2.1297297931421055,FP3O,Type-Conditioned,True,seed_1,FP3O_Coupled_Safety_True,39
100353,-41.154944767651344,-2.12516142865002,2.12516142865002,FP3O,Type-Conditioned,True,seed_1,FP3O_Coupled_Safety_True,39
2048,-237.8390205076508,-3.0216572914221937,3.0216572914221937,FP3O,Type-Conditioned,True,seed_2,FP3O_Coupled_Safety_True,39
4054,-220.81915359842046,-2.9759706658079916,2.9759706658079916,FP3O,Type-Conditioned,True,seed_2,FP3O_Coupled_Safety_True,39
6060,-221.908332651776,-2.9457762870307156,2.9457762870307156,FP3O,Type-Conditioned,True,seed_2,FP3O_Coupled_Safety_True,39
8066,-220.31616087939358,-2.8730323479138753,2.8730323479138753,FP3O,Type-Conditioned,True,seed_2,FP3O_Coupled_Safety_True,39
10072,-219.87841171732373,-2.8380469579767382,2.8380469579767382,FP3O,Type-Conditioned,True,seed_2,FP3O_Coupled_Safety_True,39
12079,-220.88528807554033,-2.815862048580315,2.815862048580315,FP3O,Type-Conditioned,True,seed_2,FP3O_Coupled_Safety_True,39
14085,-225.8822058120923,-2.7810972415767217,2.7810972415767217,FP3O,Type-Conditioned,True,seed_2,FP3O_Coupled_Safety_True,39
16091,-225.36363322339452,-2.7869263650462086,2.7869263650462086,FP3O,Type-Conditioned,True,seed_2,FP3O_Coupled_Safety_True,39
18097,-231.39825607022672,-2.7497844487916425,2.7497844487916425,FP3O,Type-Conditioned,True,seed_2,FP3O_Coupled_Safety_True,39
20104,-234.0289231269358,-2.728520376713078,2.728520376713078,FP3O,Type-Conditioned,True,seed_2,FP3O_Coupled_Safety_True,39
22110,-237.16032774393602,-2.715500866493593,2.715500866493593,FP3O,Type-Conditioned,True,seed_2,FP3O_Coupled_Safety_True,39
24116,-237.37936598211473,-2.7188238012175256,2.7188238012175256,FP3O,Type-Conditioned,True,seed_2,FP3O_Coupled_Safety_True,39
26122,-228.67282752557034,-2.684126474166583,2.684126474166583,FP3O,Type-Conditioned,True,seed_2,FP3O_Coupled_Safety_True,39
28128,-238.1642897654507,-2.6843398887671293,2.6843398887671293,FP3O,Type-Conditioned,True,seed_2,FP3O_Coupled_Safety_True,39
30135,-235.85138141677737,-2.6688617188745805,2.6688617188745805,FP3O,Type-Conditioned,True,seed_2,FP3O_Coupled_Safety_True,39
32141,-242.78264471200524,-2.642142648192672,2.642142648192672,FP3O,Type-Conditioned,True,seed_2,FP3O_Coupled_Safety_True,39
34147,-243.9978163205248,-2.634572553895437,2.634572553895437,FP3O,Type-Conditioned,True,seed_2,FP3O_Coupled_Safety_True,39
36153,-239.16640081023831,-2.62350534108684,2.62350534108684,FP3O,Type-Conditioned,True,seed_2,FP3O_Coupled_Safety_True,39
38160,-239.0510613240521,-2.603482549240327,2.603482549240327,FP3O,Type-Conditioned,True,seed_2,FP3O_Coupled_Safety_True,39
40166,-243.04307153197084,-2.5924403877970614,2.5924403877970614,FP3O,Type-Conditioned,True,seed_2,FP3O_Coupled_Safety_True,39
42172,-244.90845666200968,-2.576649402586072,2.576649402586072,FP3O,Type-Conditioned,True,seed_2,FP3O_Coupled_Safety_True,39
44178,-241.52505359999594,-2.567254642864322,2.567254642864322,FP3O,Type-Conditioned,True,seed_2,FP3O_Coupled_Safety_True,39
46184,-243.6189270287838,-2.5637787641346255,2.5637787641346255,FP3O,Type-Conditioned,True,seed_2,FP3O_Coupled_Safety_True,39
48191,-242.08343512530163,-2.569140776173789,2.569140776173789,FP3O,Type-Conditioned,True,seed_2,FP3O_Coupled_Safety_True,39
50197,-241.4034863409002,-2.5436494818344424,2.5436494818344424,FP3O,Type-Conditioned,True,seed_2,FP3O_Coupled_Safety_True,39
52203,-243.07600119722247,-2.55451150894188,2.55451150894188,FP3O,Type-Conditioned,True,seed_2,FP3O_Coupled_Safety_True,39
54209,-235.5859402949223,-2.5225599445263116,2.5225599445263116,FP3O,Type-Conditioned,True,seed_2,FP3O_Coupled_Safety_True,39
56216,-234.3390805932913,-2.5117069633889724,2.5117069633889724,FP3O,Type-Conditioned,True,seed_2,FP3O_Coupled_Safety_True,39
58222,-241.3403509948436,-2.5084039556779585,2.5084039556779585,FP3O,Type-Conditioned,True,seed_2,FP3O_Coupled_Safety_True,39
60228,-240.31285578637852,-2.501761993204736,2.501761993204736,FP3O,Type-Conditioned,True,seed_2,FP3O_Coupled_Safety_True,39
62234,-241.90324356808404,-2.487131039312868,2.487131039312868,FP3O,Type-Conditioned,True,seed_2,FP3O_Coupled_Safety_True,39
64240,-238.90019187168983,-2.4775020270179917,2.4775020270179917,FP3O,Type-Conditioned,True,seed_2,FP3O_Coupled_Safety_True,39
66247,-240.98872302317042,-2.466136376523661,2.466136376523661,FP3O,Type-Conditioned,True,seed_2,FP3O_Coupled_Safety_True,39
68253,-240.79564247874686,-2.4550091997665064,2.4550091997665064,FP3O,Type-Conditioned,True,seed_2,FP3O_Coupled_Safety_True,39
70259,-239.04290809151533,-2.456292050148304,2.456292050148304,FP3O,Type-Conditioned,True,seed_2,FP3O_Coupled_Safety_True,39
72265,-236.79557195372428,-2.452700391273603,2.452700391273603,FP3O,Type-Conditioned,True,seed_2,FP3O_Coupled_Safety_True,39
74272,-239.95429110934114,-2.4411503999695046,2.4411503999695046,FP3O,Type-Conditioned,True,seed_2,FP3O_Coupled_Safety_True,39
76278,-240.36055670083576,-2.4421244601591754,2.4421244601591754,FP3O,Type-Conditioned,True,seed_2,FP3O_Coupled_Safety_True,39
78284,-240.93551830358427,-2.438015415368353,2.438015415368353,FP3O,Type-Conditioned,True,seed_2,FP3O_Coupled_Safety_True,39
80290,-241.68843591986993,-2.437053698904447,2.437053698904447,FP3O,Type-Conditioned,True,seed_2,FP3O_Coupled_Safety_True,39
82296,-237.4377615774089,-2.4341902104264563,2.4341902104264563,FP3O,Type-Conditioned,True,seed_2,FP3O_Coupled_Safety_True,39
84303,-236.84106323401122,-2.4224990360441283,2.4224990360441283,FP3O,Type-Conditioned,True,seed_2,FP3O_Coupled_Safety_True,39
86309,-239.31119307200387,-2.4139042999639164,2.4139042999639164,FP3O,Type-Conditioned,True,seed_2,FP3O_Coupled_Safety_True,39
88315,-237.536521161578,-2.412943005221275,2.412943005221275,FP3O,Type-Conditioned,True,seed_2,FP3O_Coupled_Safety_True,39
90321,-234.55535491960245,-2.4105300319347176,2.4105300319347176,FP3O,Type-Conditioned,True,seed_2,FP3O_Coupled_Safety_True,39
92328,-234.12441051254382,-2.404974343240051,2.404974343240051,FP3O,Type-Conditioned,True,seed_2,FP3O_Coupled_Safety_True,39
94334,-236.96658171961673,-2.4002902946997517,2.4002902946997517,FP3O,Type-Conditioned,True,seed_2,FP3O_Coupled_Safety_True,39
96340,-237.74978077105013,-2.399050870894951,2.399050870894951,FP3O,Type-Conditioned,True,seed_2,FP3O_Coupled_Safety_True,39
98346,-237.01680988114947,-2.391756089050428,2.391756089050428,FP3O,Type-Conditioned,True,seed_2,FP3O_Coupled_Safety_True,39
100353,-237.99248529091105,-2.3854135785273662,2.3854135785273662,FP3O,Type-Conditioned,True,seed_2,FP3O_Coupled_Safety_True,39
2048,-235.16087683193402,-3.037991083695039,3.037991083695039,FP3O,Type-Conditioned,True,seed_3,FP3O_Coupled_Safety_True,39
4054,-229.0256081383762,-2.9986693853299315,2.9986693853299315,FP3O,Type-Conditioned,True,seed_3,FP3O_Coupled_Safety_True,39
6060,-223.57566026251288,-2.9645384959788053,2.9645384959788053,FP3O,Type-Conditioned,True,seed_3,FP3O_Coupled_Safety_True,39
8066,-215.26024912801557,-2.915957506389962,2.915957506389962,FP3O,Type-Conditioned,True,seed_3,FP3O_Coupled_Safety_True,39
10072,-216.314285600046,-2.878727957870206,2.878727957870206,FP3O,Type-Conditioned,True,seed_3,FP3O_Coupled_Safety_True,39
12079,-212.04226689917616,-2.8400454537641218,2.8400454537641218,FP3O,Type-Conditioned,True,seed_3,FP3O_Coupled_Safety_True,39
14085,-214.108411045966,-2.804270945771294,2.804270945771294,FP3O,Type-Conditioned,True,seed_3,FP3O_Coupled_Safety_True,39
16091,-210.74070147583495,-2.758533701351372,2.758533701351372,FP3O,Type-Conditioned,True,seed_3,FP3O_Coupled_Safety_True,39
18097,-209.82743021836131,-2.726289912809371,2.726289912809371,FP3O,Type-Conditioned,True,seed_3,FP3O_Coupled_Safety_True,39
20104,-206.52934537555794,-2.701486678918476,2.701486678918476,FP3O,Type-Conditioned,True,seed_3,FP3O_Coupled_Safety_True,39
22110,-199.60495674343588,-2.6892187510810563,2.6892187510810563,FP3O,Type-Conditioned,True,seed_3,FP3O_Coupled_Safety_True,39
24116,-201.32528423138126,-2.669510534452071,2.669510534452071,FP3O,Type-Conditioned,True,seed_3,FP3O_Coupled_Safety_True,39
26122,-183.95892759543096,-2.6644807658528706,2.6644807658528706,FP3O,Type-Conditioned,True,seed_3,FP3O_Coupled_Safety_True,39
28128,-186.96164102058268,-2.6216409310032858,2.6216409310032858,FP3O,Type-Conditioned,True,seed_3,FP3O_Coupled_Safety_True,39
30135,-189.13382339593252,-2.6019951172739804,2.6019951172739804,FP3O,Type-Conditioned,True,seed_3,FP3O_Coupled_Safety_True,39
32141,-175.82414378856524,-2.5743734046384565,2.5743734046384565,FP3O,Type-Conditioned,True,seed_3,FP3O_Coupled_Safety_True,39
34147,-165.85110198822343,-2.5716900795285658,2.5716900795285658,FP3O,Type-Conditioned,True,seed_3,FP3O_Coupled_Safety_True,39
36153,-157.44049395001966,-2.5323689504549907,2.5323689504549907,FP3O,Type-Conditioned,True,seed_3,FP3O_Coupled_Safety_True,39
38160,-149.37185530138834,-2.49609187410571,2.49609187410571,FP3O,Type-Conditioned,True,seed_3,FP3O_Coupled_Safety_True,39
40166,-145.10691858076532,-2.4655951775715117,2.4655951775715117,FP3O,Type-Conditioned,True,seed_3,FP3O_Coupled_Safety_True,39
42172,-145.15797270763818,-2.420763393093683,2.420763393093683,FP3O,Type-Conditioned,True,seed_3,FP3O_Coupled_Safety_True,39
44178,-138.95537892580484,-2.397845116027572,2.397845116027572,FP3O,Type-Conditioned,True,seed_3,FP3O_Coupled_Safety_True,39
46184,-136.77815464361444,-2.373982895824983,2.373982895824983,FP3O,Type-Conditioned,True,seed_3,FP3O_Coupled_Safety_True,39
48191,-125.75296325929541,-2.3613430150317125,2.3613430150317125,FP3O,Type-Conditioned,True,seed_3,FP3O_Coupled_Safety_True,39
50197,-121.63077723098841,-2.350794334488114,2.350794334488114,FP3O,Type-Conditioned,True,seed_3,FP3O_Coupled_Safety_True,39
52203,-120.79686862747295,-2.3554273320370838,2.3554273320370838,FP3O,Type-Conditioned,True,seed_3,FP3O_Coupled_Safety_True,39
54209,-116.98403479452182,-2.348535340194343,2.348535340194343,FP3O,Type-Conditioned,True,seed_3,FP3O_Coupled_Safety_True,39
56216,-109.89924204715952,-2.3264015475302053,2.3264015475302053,FP3O,Type-Conditioned,True,seed_3,FP3O_Coupled_Safety_True,39
58222,-108.11380944954419,-2.3031248682310603,2.3031248682310603,FP3O,Type-Conditioned,True,seed_3,FP3O_Coupled_Safety_True,39
60228,-107.27999852100622,-2.2946722251395286,2.2946722251395286,FP3O,Type-Conditioned,True,seed_3,FP3O_Coupled_Safety_True,39
62234,-101.54048319106609,-2.269961076905097,2.269961076905097,FP3O,Type-Conditioned,True,seed_3,FP3O_Coupled_Safety_True,39
64240,-96.60686189779591,-2.275093697999424,2.275093697999424,FP3O,Type-Conditioned,True,seed_3,FP3O_Coupled_Safety_True,39
66247,-95.41800364444843,-2.2723859426096324,2.2723859426096324,FP3O,Type-Conditioned,True,seed_3,FP3O_Coupled_Safety_True,39
68253,-93.98373881607385,-2.2551873351443876,2.2551873351443876,FP3O,Type-Conditioned,True,seed_3,FP3O_Coupled_Safety_True,39
70259,-89.85968642151332,-2.229696072082119,2.229696072082119,FP3O,Type-Conditioned,True,seed_3,FP3O_Coupled_Safety_True,39
72265,-92.56321797848568,-2.230728759955091,2.230728759955091,FP3O,Type-Conditioned,True,seed_3,FP3O_Coupled_Safety_True,39
74272,-94.16312610631027,-2.2193946703285614,2.2193946703285614,FP3O,Type-Conditioned,True,seed_3,FP3O_Coupled_Safety_True,39
76278,-92.69723177746015,-2.2183206647710354,2.2183206647710354,FP3O,Type-Conditioned,True,seed_3,FP3O_Coupled_Safety_True,39
78284,-89.61660375580539,-2.1968840146265722,2.1968840146265722,FP3O,Type-Conditioned,True,seed_3,FP3O_Coupled_Safety_True,39
80290,-85.37647885367586,-2.184749329928944,2.184749329928944,FP3O,Type-Conditioned,True,seed_3,FP3O_Coupled_Safety_True,39
82296,-78.54039052617453,-2.177508515215173,2.177508515215173,FP3O,Type-Conditioned,True,seed_3,FP3O_Coupled_Safety_True,39
84303,-75.07595876208292,-2.1707617943975106,2.1707617943975106,FP3O,Type-Conditioned,True,seed_3,FP3O_Coupled_Safety_True,39
86309,-75.108133267771,-2.161531311313091,2.161531311313091,FP3O,Type-Conditioned,True,seed_3,FP3O_Coupled_Safety_True,39
88315,-74.68304352253232,-2.158540363130469,2.158540363130469,FP3O,Type-Conditioned,True,seed_3,FP3O_Coupled_Safety_True,39
90321,-76.43977604705132,-2.147167981559176,2.147167981559176,FP3O,Type-Conditioned,True,seed_3,FP3O_Coupled_Safety_True,39
92328,-75.48866012631068,-2.1413886846375436,2.1413886846375436,FP3O,Type-Conditioned,True,seed_3,FP3O_Coupled_Safety_True,39
94334,-75.1404160834851,-2.1368941315674115,2.1368941315674115,FP3O,Type-Conditioned,True,seed_3,FP3O_Coupled_Safety_True,39
96340,-73.82190716419026,-2.133491740604377,2.133491740604377,FP3O,Type-Conditioned,True,seed_3,FP3O_Coupled_Safety_True,39
98346,-74.07249392259725,-2.129717660534791,2.129717660534791,FP3O,Type-Conditioned,True,seed_3,FP3O_Coupled_Safety_True,39
100353,-72.67165707532436,-2.1234695639031833,2.1234695639031833,FP3O,Type-Conditioned,True,seed_3,FP3O_Coupled_Safety_True,39
2048,-245.08694658248086,-3.0133150792546375,3.0133150792546375,FP3O,Type-Conditioned,True,seed_4,FP3O_Coupled_Safety_True,39
4054,-247.89971510530683,-2.9805967595242593,2.9805967595242593,FP3O,Type-Conditioned,True,seed_4,FP3O_Coupled_Safety_True,39
6060,-233.80945300006923,-2.9504488075523883,2.9504488075523883,FP3O,Type-Conditioned,True,seed_4,FP3O_Coupled_Safety_True,39
8066,-231.09610004867824,-2.9028865194241664,2.9028865194241664,FP3O,Type-Conditioned,True,seed_4,FP3O_Coupled_Safety_True,39
10072,-220.85612276557933,-2.857669835997856,2.857669835997856,FP3O,Type-Conditioned,True,seed_4,FP3O_Coupled_Safety_True,39
12079,-218.72263379091868,-2.8193297545024936,2.8193297545024936,FP3O,Type-Conditioned,True,seed_4,FP3O_Coupled_Safety_True,39
14085,-202.91236298611955,-2.7559518088206683,2.7559518088206683,FP3O,Type-Conditioned,True,seed_4,FP3O_Coupled_Safety_True,39
16091,-190.82496959743776,-2.708683087920242,2.708683087920242,FP3O,Type-Conditioned,True,seed_4,FP3O_Coupled_Safety_True,39
18097,-192.2803341412739,-2.7026290815664824,2.7026290815664824,FP3O,Type-Conditioned,True,seed_4,FP3O_Coupled_Safety_True,39
20104,-184.2854411719162,-2.698085739754507,2.698085739754507,FP3O,Type-Conditioned,True,seed_4,FP3O_Coupled_Safety_True,39
22110,-178.20827555700242,-2.667253797636074,2.667253797636074,FP3O,Type-Conditioned,True,seed_4,FP3O_Coupled_Safety_True,39
24116,-167.2024564109321,-2.6484287670253064,2.6484287670253064,FP3O,Type-Conditioned,True,seed_4,FP3O_Coupled_Safety_True,39
26122,-170.5002617338461,-2.626357445405177,2.626357445405177,FP3O,Type-Conditioned,True,seed_4,FP3O_Coupled_Safety_True,39
28128,-161.4838455612569,-2.6386975144999245,2.6386975144999245,FP3O,Type-Conditioned,True,seed_4,FP3O_Coupled_Safety_True,39
30135,-150.16712088306048,-2.6231207442185003,2.6231207442185003,FP3O,Type-Conditioned,True,seed_4,FP3O_Coupled_Safety_True,39
32141,-155.29590667960582,-2.592519695085531,2.592519695085531,FP3O,Type-Conditioned,True,seed_4,FP3O_Coupled_Safety_True,39
34147,-154.12965604681494,-2.554323195471309,2.554323195471309,FP3O,Type-Conditioned,True,seed_4,FP3O_Coupled_Safety_True,39
36153,-155.9521952279109,-2.5119684341406163,2.5119684341406163,FP3O,Type-Conditioned,True,seed_4,FP3O_Coupled_Safety_True,39
38160,-145.7468623289554,-2.494238298636093,2.494238298636093,FP3O,Type-Conditioned,True,seed_4,FP3O_Coupled_Safety_True,39
40166,-130.43079854208545,-2.466381976255511,2.466381976255511,FP3O,Type-Conditioned,True,seed_4,FP3O_Coupled_Safety_True,39
42172,-112.33973186899112,-2.4334211353900796,2.4334211353900796,FP3O,Type-Conditioned,True,seed_4,FP3O_Coupled_Safety_True,39
44178,-103.76572347830172,-2.4119145869895067,2.4119145869895067,FP3O,Type-Conditioned,True,seed_4,FP3O_Coupled_Safety_True,39
46184,-87.51250088205674,-2.3872930758759794,2.3872930758759794,FP3O,Type-Conditioned,True,seed_4,FP3O_Coupled_Safety_True,39
48191,-88.33211909799124,-2.3934837664317095,2.3934837664317095,FP3O,Type-Conditioned,True,seed_4,FP3O_Coupled_Safety_True,39
50197,-89.25888273278571,-2.388850676944682,2.388850676944682,FP3O,Type-Conditioned,True,seed_4,FP3O_Coupled_Safety_True,39
52203,-80.84294509513032,-2.374406292935669,2.374406292935669,FP3O,Type-Conditioned,True,seed_4,FP3O_Coupled_Safety_True,39
54209,-71.04970826294027,-2.375136783818622,2.375136783818622,FP3O,Type-Conditioned,True,seed_4,FP3O_Coupled_Safety_True,39
56216,-64.29731071660781,-2.3607509666306314,2.3607509666306314,FP3O,Type-Conditioned,True,seed_4,FP3O_Coupled_Safety_True,39
58222,-67.27739086907901,-2.3383365555880595,2.3383365555880595,FP3O,Type-Conditioned,True,seed_4,FP3O_Coupled_Safety_True,39
60228,-60.09091019111841,-2.3397571197150175,2.3397571197150175,FP3O,Type-Conditioned,True,seed_4,FP3O_Coupled_Safety_True,39
62234,-58.940269689251934,-2.330710935867684,2.330710935867684,FP3O,Type-Conditioned,True,seed_4,FP3O_Coupled_Safety_True,39
64240,-49.13230565589855,-2.3080636618898978,2.3080636618898978,FP3O,Type-Conditioned,True,seed_4,FP3O_Coupled_Safety_True,39
66247,-42.155523835139235,-2.2949265969108943,2.2949265969108943,FP3O,Type-Conditioned,True,seed_4,FP3O_Coupled_Safety_True,39
68253,-41.37247663286709,-2.2770964857639964,2.2770964857639964,FP3O,Type-Conditioned,True,seed_4,FP3O_Coupled_Safety_True,39
70259,-38.661256817071674,-2.257082575573043,2.257082575573043,FP3O,Type-Conditioned,True,seed_4,FP3O_Coupled_Safety_True,39
72265,-38.1316255711877,-2.2570150397654123,2.2570150397654123,FP3O,Type-Conditioned,True,seed_4,FP3O_Coupled_Safety_True,39
74272,-33.76152653710892,-2.262956896670352,2.262956896670352,FP3O,Type-Conditioned,True,seed_4,FP3O_Coupled_Safety_True,39
76278,-26.58874830797482,-2.2431466302814496,2.2431466302814496,FP3O,Type-Conditioned,True,seed_4,FP3O_Coupled_Safety_True,39
78284,-27.17761906276133,-2.239137015636744,2.239137015636744,FP3O,Type-Conditioned,True,seed_4,FP3O_Coupled_Safety_True,39
80290,-22.666541057454246,-2.2268498757998896,2.2268498757998896,FP3O,Type-Conditioned,True,seed_4,FP3O_Coupled_Safety_True,39
82296,-22.089273256779492,-2.21686440326518,2.21686440326518,FP3O,Type-Conditioned,True,seed_4,FP3O_Coupled_Safety_True,39
84303,-22.113858001390625,-2.207226452908865,2.207226452908865,FP3O,Type-Conditioned,True,seed_4,FP3O_Coupled_Safety_True,39
86309,-20.04509776203051,-2.1971476065972357,2.1971476065972357,FP3O,Type-Conditioned,True,seed_4,FP3O_Coupled_Safety_True,39
88315,-20.512320971829723,-2.1929435034325135,2.1929435034325135,FP3O,Type-Conditioned,True,seed_4,FP3O_Coupled_Safety_True,39
90321,-19.41867843411095,-2.1846821784405748,2.1846821784405748,FP3O,Type-Conditioned,True,seed_4,FP3O_Coupled_Safety_True,39
92328,-19.54464075551534,-2.1821617126421793,2.1821617126421793,FP3O,Type-Conditioned,True,seed_4,FP3O_Coupled_Safety_True,39
94334,-13.693308803391385,-2.1780865211393907,2.1780865211393907,FP3O,Type-Conditioned,True,seed_4,FP3O_Coupled_Safety_True,39
96340,-12.672817364609285,-2.1736264137382206,2.1736264137382206,FP3O,Type-Conditioned,True,seed_4,FP3O_Coupled_Safety_True,39
98346,-12.541696555607494,-2.1684422676135626,2.1684422676135626,FP3O,Type-Conditioned,True,seed_4,FP3O_Coupled_Safety_True,39
100353,-10.984102901932177,-2.1683303046569553,2.1683303046569553,FP3O,Type-Conditioned,True,seed_4,FP3O_Coupled_Safety_True,39
2048,-243.83226640351742,-2.999878705336239,2.999878705336239,FP3O,Blind,True,seed_0,FP3O_Blind_Coupled_Safety_True,40
4054,-242.53786924450276,-2.988689537160425,2.988689537160425,FP3O,Blind,True,seed_0,FP3O_Blind_Coupled_Safety_True,40
6060,-238.56707497506065,-2.9833167290542373,2.9833167290542373,FP3O,Blind,True,seed_0,FP3O_Blind_Coupled_Safety_True,40
8066,-246.1208656560642,-3.0007162627556383,3.0007162627556383,FP3O,Blind,True,seed_0,FP3O_Blind_Coupled_Safety_True,40
10072,-242.45639658266168,-2.9963990275218118,2.9963990275218118,FP3O,Blind,True,seed_0,FP3O_Blind_Coupled_Safety_True,40
12079,-244.74271542020776,-2.984463091357133,2.984463091357133,FP3O,Blind,True,seed_0,FP3O_Blind_Coupled_Safety_True,40
14085,-241.27224338640067,-2.987379913108212,2.987379913108212,FP3O,Blind,True,seed_0,FP3O_Blind_Coupled_Safety_True,40
16091,-244.14114966507063,-2.9489743683975167,2.9489743683975167,FP3O,Blind,True,seed_0,FP3O_Blind_Coupled_Safety_True,40
18097,-250.78842443715754,-2.9471447895115106,2.9471447895115106,FP3O,Blind,True,seed_0,FP3O_Blind_Coupled_Safety_True,40
20104,-255.3439572007544,-2.951762011853565,2.951762011853565,FP3O,Blind,True,seed_0,FP3O_Blind_Coupled_Safety_True,40
22110,-252.09903463560858,-2.926429989236269,2.926429989236269,FP3O,Blind,True,seed_0,FP3O_Blind_Coupled_Safety_True,40
24116,-248.61642622108536,-2.93696979798589,2.93696979798589,FP3O,Blind,True,seed_0,FP3O_Blind_Coupled_Safety_True,40
26122,-250.43930009161593,-2.9353841279018735,2.9353841279018735,FP3O,Blind,True,seed_0,FP3O_Blind_Coupled_Safety_True,40
28128,-245.8051732113381,-2.924182750291788,2.924182750291788,FP3O,Blind,True,seed_0,FP3O_Blind_Coupled_Safety_True,40
30135,-250.98966437329744,-2.9266126053397277,2.9266126053397277,FP3O,Blind,True,seed_0,FP3O_Blind_Coupled_Safety_True,40
32141,-248.99818069292542,-2.9475287365408955,2.9475287365408955,FP3O,Blind,True,seed_0,FP3O_Blind_Coupled_Safety_True,40
34147,-251.6820601984804,-2.940328893731501,2.940328893731501,FP3O,Blind,True,seed_0,FP3O_Blind_Coupled_Safety_True,40
36153,-251.70501894416992,-2.934319724313591,2.934319724313591,FP3O,Blind,True,seed_0,FP3O_Blind_Coupled_Safety_True,40
38160,-249.13181559569807,-2.92056497040991,2.92056497040991,FP3O,Blind,True,seed_0,FP3O_Blind_Coupled_Safety_True,40
40166,-250.30376520537652,-2.9039182712383114,2.9039182712383114,FP3O,Blind,True,seed_0,FP3O_Blind_Coupled_Safety_True,40
42172,-249.51343733726273,-2.9076406734090567,2.9076406734090567,FP3O,Blind,True,seed_0,FP3O_Blind_Coupled_Safety_True,40
44178,-244.03067426378297,-2.8921033217943224,2.8921033217943224,FP3O,Blind,True,seed_0,FP3O_Blind_Coupled_Safety_True,40
46184,-245.05132092380688,-2.8882308208917045,2.8882308208917045,FP3O,Blind,True,seed_0,FP3O_Blind_Coupled_Safety_True,40
48191,-241.1183425250456,-2.8787663057962813,2.8787663057962813,FP3O,Blind,True,seed_0,FP3O_Blind_Coupled_Safety_True,40
50197,-244.43109827103015,-2.880038252754226,2.880038252754226,FP3O,Blind,True,seed_0,FP3O_Blind_Coupled_Safety_True,40
52203,-241.6949608913334,-2.879208220342522,2.879208220342522,FP3O,Blind,True,seed_0,FP3O_Blind_Coupled_Safety_True,40
54209,-236.66638166520488,-2.884922526429445,2.884922526429445,FP3O,Blind,True,seed_0,FP3O_Blind_Coupled_Safety_True,40
56216,-244.73324311038212,-2.874477539202107,2.874477539202107,FP3O,Blind,True,seed_0,FP3O_Blind_Coupled_Safety_True,40
58222,-245.999259273316,-2.867485470616367,2.867485470616367,FP3O,Blind,True,seed_0,FP3O_Blind_Coupled_Safety_True,40
60228,-242.9261201119141,-2.854738541293042,2.854738541293042,FP3O,Blind,True,seed_0,FP3O_Blind_Coupled_Safety_True,40
62234,-242.72589962974718,-2.848435101900846,2.848435101900846,FP3O,Blind,True,seed_0,FP3O_Blind_Coupled_Safety_True,40
64240,-240.9487053631282,-2.849917063235935,2.849917063235935,FP3O,Blind,True,seed_0,FP3O_Blind_Coupled_Safety_True,40
66247,-242.18287085187018,-2.8539716601424097,2.8539716601424097,FP3O,Blind,True,seed_0,FP3O_Blind_Coupled_Safety_True,40
68253,-241.30257562180404,-2.843264510208677,2.843264510208677,FP3O,Blind,True,seed_0,FP3O_Blind_Coupled_Safety_True,40
70259,-241.21596220611366,-2.84819416616896,2.84819416616896,FP3O,Blind,True,seed_0,FP3O_Blind_Coupled_Safety_True,40
72265,-237.88718227472813,-2.8555621820400177,2.8555621820400177,FP3O,Blind,True,seed_0,FP3O_Blind_Coupled_Safety_True,40
74272,-237.5071994091562,-2.8542159953406925,2.8542159953406925,FP3O,Blind,True,seed_0,FP3O_Blind_Coupled_Safety_True,40
76278,-237.04237632033386,-2.8629518299446537,2.8629518299446537,FP3O,Blind,True,seed_0,FP3O_Blind_Coupled_Safety_True,40
78284,-238.33717906492612,-2.8515214042937846,2.8515214042937846,FP3O,Blind,True,seed_0,FP3O_Blind_Coupled_Safety_True,40
80290,-239.46818246529972,-2.8387653353517774,2.8387653353517774,FP3O,Blind,True,seed_0,FP3O_Blind_Coupled_Safety_True,40
82296,-240.18821336646948,-2.8249085193305037,2.8249085193305037,FP3O,Blind,True,seed_0,FP3O_Blind_Coupled_Safety_True,40
84303,-239.1614524207609,-2.832567674305597,2.832567674305597,FP3O,Blind,True,seed_0,FP3O_Blind_Coupled_Safety_True,40
86309,-239.82257206030653,-2.833527703100441,2.833527703100441,FP3O,Blind,True,seed_0,FP3O_Blind_Coupled_Safety_True,40
88315,-239.1277579233312,-2.830175632128568,2.830175632128568,FP3O,Blind,True,seed_0,FP3O_Blind_Coupled_Safety_True,40
90321,-236.02478266611843,-2.8286452888563853,2.8286452888563853,FP3O,Blind,True,seed_0,FP3O_Blind_Coupled_Safety_True,40
92328,-235.639726067099,-2.8211674449587227,2.8211674449587227,FP3O,Blind,True,seed_0,FP3O_Blind_Coupled_Safety_True,40
94334,-236.94026087235525,-2.828171340798766,2.828171340798766,FP3O,Blind,True,seed_0,FP3O_Blind_Coupled_Safety_True,40
96340,-236.46012695469048,-2.824536683758091,2.824536683758091,FP3O,Blind,True,seed_0,FP3O_Blind_Coupled_Safety_True,40
98346,-237.7308569145197,-2.8207454415498563,2.8207454415498563,FP3O,Blind,True,seed_0,FP3O_Blind_Coupled_Safety_True,40
100353,-238.85251949897912,-2.815027515628732,2.815027515628732,FP3O,Blind,True,seed_0,FP3O_Blind_Coupled_Safety_True,40
2048,-243.93597762860787,-3.0336912778874647,3.0336912778874647,FP3O,Blind,True,seed_1,FP3O_Blind_Coupled_Safety_True,40
4054,-241.1136325591014,-3.020860254286223,3.020860254286223,FP3O,Blind,True,seed_1,FP3O_Blind_Coupled_Safety_True,40
6060,-232.51839995872575,-3.0083081341046056,3.0083081341046056,FP3O,Blind,True,seed_1,FP3O_Blind_Coupled_Safety_True,40
8066,-228.01502665284144,-2.982143515421171,2.982143515421171,FP3O,Blind,True,seed_1,FP3O_Blind_Coupled_Safety_True,40
10072,-223.34048282575606,-2.967231603617439,2.967231603617439,FP3O,Blind,True,seed_1,FP3O_Blind_Coupled_Safety_True,40
12079,-228.75987384517867,-2.9489714899953547,2.9489714899953547,FP3O,Blind,True,seed_1,FP3O_Blind_Coupled_Safety_True,40
14085,-235.1810181493824,-2.9705982360133985,2.9705982360133985,FP3O,Blind,True,seed_1,FP3O_Blind_Coupled_Safety_True,40
16091,-236.67322455039815,-2.9775230045712076,2.9775230045712076,FP3O,Blind,True,seed_1,FP3O_Blind_Coupled_Safety_True,40
18097,-237.11386301412736,-2.986960616240736,2.986960616240736,FP3O,Blind,True,seed_1,FP3O_Blind_Coupled_Safety_True,40
20104,-233.175021531127,-2.987094315438962,2.987094315438962,FP3O,Blind,True,seed_1,FP3O_Blind_Coupled_Safety_True,40
22110,-241.42344547736514,-2.9628039784778117,2.9628039784778117,FP3O,Blind,True,seed_1,FP3O_Blind_Coupled_Safety_True,40
24116,-235.0161328979587,-2.948737830106975,2.948737830106975,FP3O,Blind,True,seed_1,FP3O_Blind_Coupled_Safety_True,40
26122,-236.62298559814332,-2.948458419189907,2.948458419189907,FP3O,Blind,True,seed_1,FP3O_Blind_Coupled_Safety_True,40
28128,-238.96554998396002,-2.9265505855840597,2.9265505855840597,FP3O,Blind,True,seed_1,FP3O_Blind_Coupled_Safety_True,40
30135,-243.0959512128659,-2.930396986279521,2.930396986279521,FP3O,Blind,True,seed_1,FP3O_Blind_Coupled_Safety_True,40
32141,-248.8229586205431,-2.9216648655958912,2.9216648655958912,FP3O,Blind,True,seed_1,FP3O_Blind_Coupled_Safety_True,40
34147,-244.03570109434324,-2.9119529584663484,2.9119529584663484,FP3O,Blind,True,seed_1,FP3O_Blind_Coupled_Safety_True,40
36153,-242.9802774766522,-2.91551760847448,2.91551760847448,FP3O,Blind,True,seed_1,FP3O_Blind_Coupled_Safety_True,40
38160,-247.0868640583306,-2.9148858549262116,2.9148858549262116,FP3O,Blind,True,seed_1,FP3O_Blind_Coupled_Safety_True,40
40166,-250.32981249579717,-2.9047264831339055,2.9047264831339055,FP3O,Blind,True,seed_1,FP3O_Blind_Coupled_Safety_True,40
42172,-249.472554434783,-2.912132560864178,2.912132560864178,FP3O,Blind,True,seed_1,FP3O_Blind_Coupled_Safety_True,40
44178,-241.8045549147792,-2.8936655993261646,2.8936655993261646,FP3O,Blind,True,seed_1,FP3O_Blind_Coupled_Safety_True,40
46184,-242.27110022356305,-2.8953585059614397,2.8953585059614397,FP3O,Blind,True,seed_1,FP3O_Blind_Coupled_Safety_True,40
48191,-246.76226824550514,-2.8959759976415227,2.8959759976415227,FP3O,Blind,True,seed_1,FP3O_Blind_Coupled_Safety_True,40
50197,-246.1467869411115,-2.886726991575362,2.886726991575362,FP3O,Blind,True,seed_1,FP3O_Blind_Coupled_Safety_True,40
52203,-245.70177258572255,-2.8846899413517058,2.8846899413517058,FP3O,Blind,True,seed_1,FP3O_Blind_Coupled_Safety_True,40
54209,-252.90951859503576,-2.8670196198755074,2.8670196198755074,FP3O,Blind,True,seed_1,FP3O_Blind_Coupled_Safety_True,40
56216,-250.3740099491558,-2.872408612444778,2.872408612444778,FP3O,Blind,True,seed_1,FP3O_Blind_Coupled_Safety_True,40
58222,-248.83936723202663,-2.8660783238440715,2.8660783238440715,FP3O,Blind,True,seed_1,FP3O_Blind_Coupled_Safety_True,40
60228,-244.85436286020882,-2.8571939052164383,2.8571939052164383,FP3O,Blind,True,seed_1,FP3O_Blind_Coupled_Safety_True,40
62234,-238.40658948198242,-2.8632380567877527,2.8632380567877527,FP3O,Blind,True,seed_1,FP3O_Blind_Coupled_Safety_True,40
64240,-235.3818219511636,-2.852637515889728,2.852637515889728,FP3O,Blind,True,seed_1,FP3O_Blind_Coupled_Safety_True,40
66247,-236.80663196975246,-2.837443052404788,2.837443052404788,FP3O,Blind,True,seed_1,FP3O_Blind_Coupled_Safety_True,40
68253,-240.09846103575794,-2.8232443987981353,2.8232443987981353,FP3O,Blind,True,seed_1,FP3O_Blind_Coupled_Safety_True,40
70259,-233.2847625023504,-2.82825227649123,2.82825227649123,FP3O,Blind,True,seed_1,FP3O_Blind_Coupled_Safety_True,40
72265,-234.244270501208,-2.8176628156367878,2.8176628156367878,FP3O,Blind,True,seed_1,FP3O_Blind_Coupled_Safety_True,40
74272,-235.11162094003768,-2.8309917278832692,2.8309917278832692,FP3O,Blind,True,seed_1,FP3O_Blind_Coupled_Safety_True,40
76278,-235.87991468097192,-2.8144061371714435,2.8144061371714435,FP3O,Blind,True,seed_1,FP3O_Blind_Coupled_Safety_True,40
78284,-235.99639430885946,-2.8262361616458005,2.8262361616458005,FP3O,Blind,True,seed_1,FP3O_Blind_Coupled_Safety_True,40
80290,-236.81365923126268,-2.82578982787845,2.82578982787845,FP3O,Blind,True,seed_1,FP3O_Blind_Coupled_Safety_True,40
82296,-238.27649206907648,-2.823143708226329,2.823143708226329,FP3O,Blind,True,seed_1,FP3O_Blind_Coupled_Safety_True,40
84303,-239.29235886340587,-2.8180682786416438,2.8180682786416438,FP3O,Blind,True,seed_1,FP3O_Blind_Coupled_Safety_True,40
86309,-239.1091244355162,-2.8188435619417915,2.8188435619417915,FP3O,Blind,True,seed_1,FP3O_Blind_Coupled_Safety_True,40
88315,-239.76935577212834,-2.816822868443898,2.816822868443898,FP3O,Blind,True,seed_1,FP3O_Blind_Coupled_Safety_True,40
90321,-240.42045588211997,-2.82005977191452,2.82005977191452,FP3O,Blind,True,seed_1,FP3O_Blind_Coupled_Safety_True,40
92328,-239.68754249102037,-2.8176841201381237,2.8176841201381237,FP3O,Blind,True,seed_1,FP3O_Blind_Coupled_Safety_True,40
94334,-239.5391475138457,-2.8154133192363826,2.8154133192363826,FP3O,Blind,True,seed_1,FP3O_Blind_Coupled_Safety_True,40
96340,-237.6951522570377,-2.8115518535330493,2.8115518535330493,FP3O,Blind,True,seed_1,FP3O_Blind_Coupled_Safety_True,40
98346,-239.6271099097158,-2.8091073016912183,2.8091073016912183,FP3O,Blind,True,seed_1,FP3O_Blind_Coupled_Safety_True,40
100353,-238.18045161274443,-2.8067165207283744,2.8067165207283744,FP3O,Blind,True,seed_1,FP3O_Blind_Coupled_Safety_True,40
2048,-244.58225134408738,-3.029588316744401,3.029588316744401,FP3O,Blind,True,seed_2,FP3O_Blind_Coupled_Safety_True,40
4054,-244.43280519857066,-2.9931477697345006,2.9931477697345006,FP3O,Blind,True,seed_2,FP3O_Blind_Coupled_Safety_True,40
6060,-245.90604721251452,-2.9722976200926507,2.9722976200926507,FP3O,Blind,True,seed_2,FP3O_Blind_Coupled_Safety_True,40
8066,-246.18864482604624,-2.9598121528232886,2.9598121528232886,FP3O,Blind,True,seed_2,FP3O_Blind_Coupled_Safety_True,40
10072,-244.96754648520502,-2.95032932457058,2.95032932457058,FP3O,Blind,True,seed_2,FP3O_Blind_Coupled_Safety_True,40
12079,-247.83667103536163,-2.9505019492469335,2.9505019492469335,FP3O,Blind,True,seed_2,FP3O_Blind_Coupled_Safety_True,40
14085,-251.1499894771898,-2.9437118409737346,2.9437118409737346,FP3O,Blind,True,seed_2,FP3O_Blind_Coupled_Safety_True,40
16091,-249.65551858441782,-2.9169239939254505,2.9169239939254505,FP3O,Blind,True,seed_2,FP3O_Blind_Coupled_Safety_True,40
18097,-253.35962746175505,-2.915347579368759,2.915347579368759,FP3O,Blind,True,seed_2,FP3O_Blind_Coupled_Safety_True,40
20104,-250.5581989488755,-2.9160661620175787,2.9160661620175787,FP3O,Blind,True,seed_2,FP3O_Blind_Coupled_Safety_True,40
22110,-256.9164124855965,-2.915162288661043,2.915162288661043,FP3O,Blind,True,seed_2,FP3O_Blind_Coupled_Safety_True,40
24116,-250.93870629296228,-2.920069728947925,2.920069728947925,FP3O,Blind,True,seed_2,FP3O_Blind_Coupled_Safety_True,40
26122,-248.347929096766,-2.9203710890333716,2.9203710890333716,FP3O,Blind,True,seed_2,FP3O_Blind_Coupled_Safety_True,40
28128,-247.10339162114175,-2.9152175306690014,2.9152175306690014,FP3O,Blind,True,seed_2,FP3O_Blind_Coupled_Safety_True,40
30135,-243.27225826586647,-2.9036207647069814,2.9036207647069814,FP3O,Blind,True,seed_2,FP3O_Blind_Coupled_Safety_True,40
32141,-237.59661436443076,-2.8740471445762563,2.8740471445762563,FP3O,Blind,True,seed_2,FP3O_Blind_Coupled_Safety_True,40
34147,-235.52027691201607,-2.872528423704073,2.872528423704073,FP3O,Blind,True,seed_2,FP3O_Blind_Coupled_Safety_True,40
36153,-244.4334683965333,-2.8679957256328263,2.8679957256328263,FP3O,Blind,True,seed_2,FP3O_Blind_Coupled_Safety_True,40
38160,-249.43883257227236,-2.864193767031603,2.864193767031603,FP3O,Blind,True,seed_2,FP3O_Blind_Coupled_Safety_True,40
40166,-251.0102360794595,-2.8430489578182194,2.8430489578182194,FP3O,Blind,True,seed_2,FP3O_Blind_Coupled_Safety_True,40
42172,-249.89534132212623,-2.8266189152955907,2.8266189152955907,FP3O,Blind,True,seed_2,FP3O_Blind_Coupled_Safety_True,40
44178,-247.24045044531604,-2.8351151651815494,2.8351151651815494,FP3O,Blind,True,seed_2,FP3O_Blind_Coupled_Safety_True,40
46184,-249.3003643819165,-2.8302297171133635,2.8302297171133635,FP3O,Blind,True,seed_2,FP3O_Blind_Coupled_Safety_True,40
48191,-247.80419176818785,-2.8330493861282893,2.8330493861282893,FP3O,Blind,True,seed_2,FP3O_Blind_Coupled_Safety_True,40
50197,-249.62517176628413,-2.828261622796636,2.828261622796636,FP3O,Blind,True,seed_2,FP3O_Blind_Coupled_Safety_True,40
52203,-250.5046713420904,-2.823718714611123,2.823718714611123,FP3O,Blind,True,seed_2,FP3O_Blind_Coupled_Safety_True,40
54209,-253.58650571439304,-2.8282612298534433,2.8282612298534433,FP3O,Blind,True,seed_2,FP3O_Blind_Coupled_Safety_True,40
56216,-254.39681950584563,-2.8176920996494115,2.8176920996494115,FP3O,Blind,True,seed_2,FP3O_Blind_Coupled_Safety_True,40
58222,-256.1792412107709,-2.814043842359033,2.814043842359033,FP3O,Blind,True,seed_2,FP3O_Blind_Coupled_Safety_True,40
60228,-256.31998979886686,-2.8054400429780655,2.8054400429780655,FP3O,Blind,True,seed_2,FP3O_Blind_Coupled_Safety_True,40
62234,-250.48186868324743,-2.798060090175747,2.798060090175747,FP3O,Blind,True,seed_2,FP3O_Blind_Coupled_Safety_True,40
64240,-251.36883435039817,-2.7925883357881935,2.7925883357881935,FP3O,Blind,True,seed_2,FP3O_Blind_Coupled_Safety_True,40
66247,-242.25568942626248,-2.7921241963097767,2.7921241963097767,FP3O,Blind,True,seed_2,FP3O_Blind_Coupled_Safety_True,40
68253,-240.72924321871906,-2.785660760290753,2.785660760290753,FP3O,Blind,True,seed_2,FP3O_Blind_Coupled_Safety_True,40
70259,-240.26956677233815,-2.7936537556871066,2.7936537556871066,FP3O,Blind,True,seed_2,FP3O_Blind_Coupled_Safety_True,40
72265,-242.4102457881045,-2.7834532611758878,2.7834532611758878,FP3O,Blind,True,seed_2,FP3O_Blind_Coupled_Safety_True,40
74272,-240.2897057527725,-2.779950184615573,2.779950184615573,FP3O,Blind,True,seed_2,FP3O_Blind_Coupled_Safety_True,40
76278,-241.5147088056104,-2.7749882739935456,2.7749882739935456,FP3O,Blind,True,seed_2,FP3O_Blind_Coupled_Safety_True,40
78284,-240.8559201572604,-2.783416754245213,2.783416754245213,FP3O,Blind,True,seed_2,FP3O_Blind_Coupled_Safety_True,40
80290,-235.2582590952494,-2.7817400008832944,2.7817400008832944,FP3O,Blind,True,seed_2,FP3O_Blind_Coupled_Safety_True,40
82296,-236.34131688725085,-2.7850941816323798,2.7850941816323798,FP3O,Blind,True,seed_2,FP3O_Blind_Coupled_Safety_True,40
84303,-234.84640727041239,-2.7727353139676123,2.7727353139676123,FP3O,Blind,True,seed_2,FP3O_Blind_Coupled_Safety_True,40
86309,-237.0272180159343,-2.772223418629245,2.772223418629245,FP3O,Blind,True,seed_2,FP3O_Blind_Coupled_Safety_True,40
88315,-237.52557187904242,-2.7745376378961626,2.7745376378961626,FP3O,Blind,True,seed_2,FP3O_Blind_Coupled_Safety_True,40
90321,-235.2466061905485,-2.7720447144540485,2.7720447144540485,FP3O,Blind,True,seed_2,FP3O_Blind_Coupled_Safety_True,40
92328,-236.982311984578,-2.773665484383754,2.773665484383754,FP3O,Blind,True,seed_2,FP3O_Blind_Coupled_Safety_True,40
94334,-235.4028584775989,-2.7683002358769624,2.7683002358769624,FP3O,Blind,True,seed_2,FP3O_Blind_Coupled_Safety_True,40
96340,-235.79663549118328,-2.769599070165883,2.769599070165883,FP3O,Blind,True,seed_2,FP3O_Blind_Coupled_Safety_True,40
98346,-237.32623115001982,-2.7701066355052597,2.7701066355052597,FP3O,Blind,True,seed_2,FP3O_Blind_Coupled_Safety_True,40
100353,-238.62427524328473,-2.759554437336829,2.759554437336829,FP3O,Blind,True,seed_2,FP3O_Blind_Coupled_Safety_True,40
2048,-231.806095652928,-3.0072358305144578,3.0072358305144578,FP3O,Blind,True,seed_3,FP3O_Blind_Coupled_Safety_True,40
4054,-237.18410929268546,-2.992653136693994,2.992653136693994,FP3O,Blind,True,seed_3,FP3O_Blind_Coupled_Safety_True,40
6060,-240.5350974418956,-2.995583902352953,2.995583902352953,FP3O,Blind,True,seed_3,FP3O_Blind_Coupled_Safety_True,40
8066,-241.96709152798152,-3.0153010397258595,3.0153010397258595,FP3O,Blind,True,seed_3,FP3O_Blind_Coupled_Safety_True,40
10072,-250.3930333765846,-2.989233490147223,2.989233490147223,FP3O,Blind,True,seed_3,FP3O_Blind_Coupled_Safety_True,40
12079,-253.78698811841076,-2.966136451651694,2.966136451651694,FP3O,Blind,True,seed_3,FP3O_Blind_Coupled_Safety_True,40
14085,-256.68799556220876,-2.9655817584748267,2.9655817584748267,FP3O,Blind,True,seed_3,FP3O_Blind_Coupled_Safety_True,40
16091,-256.91073537258393,-2.959193002089505,2.959193002089505,FP3O,Blind,True,seed_3,FP3O_Blind_Coupled_Safety_True,40
18097,-251.56991163579195,-2.9677856819630124,2.9677856819630124,FP3O,Blind,True,seed_3,FP3O_Blind_Coupled_Safety_True,40
20104,-244.91253145887345,-2.957810996080428,2.957810996080428,FP3O,Blind,True,seed_3,FP3O_Blind_Coupled_Safety_True,40
22110,-230.22865746257256,-2.936198610916413,2.936198610916413,FP3O,Blind,True,seed_3,FP3O_Blind_Coupled_Safety_True,40
24116,-234.54538493527963,-2.928578298079619,2.928578298079619,FP3O,Blind,True,seed_3,FP3O_Blind_Coupled_Safety_True,40
26122,-224.44414428383647,-2.927487658515438,2.927487658515438,FP3O,Blind,True,seed_3,FP3O_Blind_Coupled_Safety_True,40
28128,-223.25341906837096,-2.922074592927507,2.922074592927507,FP3O,Blind,True,seed_3,FP3O_Blind_Coupled_Safety_True,40
30135,-220.43093034238,-2.9127333104228534,2.9127333104228534,FP3O,Blind,True,seed_3,FP3O_Blind_Coupled_Safety_True,40
32141,-212.79335358813194,-2.9104777599220637,2.9104777599220637,FP3O,Blind,True,seed_3,FP3O_Blind_Coupled_Safety_True,40
34147,-216.74661404139118,-2.908856351984205,2.908856351984205,FP3O,Blind,True,seed_3,FP3O_Blind_Coupled_Safety_True,40
36153,-209.82449924362854,-2.9090383783166494,2.9090383783166494,FP3O,Blind,True,seed_3,FP3O_Blind_Coupled_Safety_True,40
38160,-204.55197291266947,-2.899998707360342,2.899998707360342,FP3O,Blind,True,seed_3,FP3O_Blind_Coupled_Safety_True,40
40166,-197.3896032347663,-2.882342689270444,2.882342689270444,FP3O,Blind,True,seed_3,FP3O_Blind_Coupled_Safety_True,40
42172,-191.7830345775505,-2.869945157342859,2.869945157342859,FP3O,Blind,True,seed_3,FP3O_Blind_Coupled_Safety_True,40
44178,-174.06289939734677,-2.8700450128796144,2.8700450128796144,FP3O,Blind,True,seed_3,FP3O_Blind_Coupled_Safety_True,40
46184,-176.08721006092978,-2.847949177846087,2.847949177846087,FP3O,Blind,True,seed_3,FP3O_Blind_Coupled_Safety_True,40
48191,-176.05924537398735,-2.8408048097250607,2.8408048097250607,FP3O,Blind,True,seed_3,FP3O_Blind_Coupled_Safety_True,40
50197,-175.48632767238854,-2.826305441201649,2.826305441201649,FP3O,Blind,True,seed_3,FP3O_Blind_Coupled_Safety_True,40
52203,-173.6617912576446,-2.8176066241637203,2.8176066241637203,FP3O,Blind,True,seed_3,FP3O_Blind_Coupled_Safety_True,40
54209,-171.65668654374326,-2.8218415591226784,2.8218415591226784,FP3O,Blind,True,seed_3,FP3O_Blind_Coupled_Safety_True,40
56216,-160.02900300151595,-2.8143821706038343,2.8143821706038343,FP3O,Blind,True,seed_3,FP3O_Blind_Coupled_Safety_True,40
58222,-148.938997978508,-2.8061348802642185,2.8061348802642185,FP3O,Blind,True,seed_3,FP3O_Blind_Coupled_Safety_True,40
60228,-148.98335526807983,-2.7858114674839056,2.7858114674839056,FP3O,Blind,True,seed_3,FP3O_Blind_Coupled_Safety_True,40
62234,-149.51937607464077,-2.786967357647128,2.786967357647128,FP3O,Blind,True,seed_3,FP3O_Blind_Coupled_Safety_True,40
64240,-143.38033914895846,-2.7865262385843024,2.7865262385843024,FP3O,Blind,True,seed_3,FP3O_Blind_Coupled_Safety_True,40
66247,-142.50453486418434,-2.7983501015818635,2.7983501015818635,FP3O,Blind,True,seed_3,FP3O_Blind_Coupled_Safety_True,40
68253,-136.22556300559532,-2.787405448025841,2.787405448025841,FP3O,Blind,True,seed_3,FP3O_Blind_Coupled_Safety_True,40
70259,-132.6725860668474,-2.7819180316205663,2.7819180316205663,FP3O,Blind,True,seed_3,FP3O_Blind_Coupled_Safety_True,40
72265,-136.34993109378635,-2.777044617549324,2.777044617549324,FP3O,Blind,True,seed_3,FP3O_Blind_Coupled_Safety_True,40
74272,-126.96755659779295,-2.78221616501754,2.78221616501754,FP3O,Blind,True,seed_3,FP3O_Blind_Coupled_Safety_True,40
76278,-118.58763764776724,-2.773968289496268,2.773968289496268,FP3O,Blind,True,seed_3,FP3O_Blind_Coupled_Safety_True,40
78284,-120.52475448633336,-2.769176782870408,2.769176782870408,FP3O,Blind,True,seed_3,FP3O_Blind_Coupled_Safety_True,40
80290,-120.9740657968018,-2.766794593076356,2.766794593076356,FP3O,Blind,True,seed_3,FP3O_Blind_Coupled_Safety_True,40
82296,-118.91462245980655,-2.7616349823221378,2.7616349823221378,FP3O,Blind,True,seed_3,FP3O_Blind_Coupled_Safety_True,40
84303,-117.04740999318534,-2.753224873414598,2.753224873414598,FP3O,Blind,True,seed_3,FP3O_Blind_Coupled_Safety_True,40
86309,-114.609333341297,-2.749483375417882,2.749483375417882,FP3O,Blind,True,seed_3,FP3O_Blind_Coupled_Safety_True,40
88315,-109.23795222724249,-2.75031544037086,2.75031544037086,FP3O,Blind,True,seed_3,FP3O_Blind_Coupled_Safety_True,40
90321,-110.76289353609766,-2.740494901890637,2.740494901890637,FP3O,Blind,True,seed_3,FP3O_Blind_Coupled_Safety_True,40
92328,-113.13652495170835,-2.737386940639663,2.737386940639663,FP3O,Blind,True,seed_3,FP3O_Blind_Coupled_Safety_True,40
94334,-115.65137718830292,-2.7314392045547855,2.7314392045547855,FP3O,Blind,True,seed_3,FP3O_Blind_Coupled_Safety_True,40
96340,-115.8382771872516,-2.7323423800391202,2.7323423800391202,FP3O,Blind,True,seed_3,FP3O_Blind_Coupled_Safety_True,40
98346,-114.61896983887426,-2.7255126505798453,2.7255126505798453,FP3O,Blind,True,seed_3,FP3O_Blind_Coupled_Safety_True,40
100353,-113.15828253840525,-2.723601534313531,2.723601534313531,FP3O,Blind,True,seed_3,FP3O_Blind_Coupled_Safety_True,40
2048,-240.9808228446706,-3.0264062198421646,3.0264062198421646,FP3O,Blind,True,seed_4,FP3O_Blind_Coupled_Safety_True,40
4054,-243.43797688609035,-3.022330227836741,3.022330227836741,FP3O,Blind,True,seed_4,FP3O_Blind_Coupled_Safety_True,40
6060,-234.478770333886,-2.998557700559097,2.998557700559097,FP3O,Blind,True,seed_4,FP3O_Blind_Coupled_Safety_True,40
8066,-242.0695866871841,-2.9899995681693152,2.9899995681693152,FP3O,Blind,True,seed_4,FP3O_Blind_Coupled_Safety_True,40
10072,-251.45050121293772,-2.9824956112999383,2.9824956112999383,FP3O,Blind,True,seed_4,FP3O_Blind_Coupled_Safety_True,40
12079,-247.49780455376182,-2.9597384942206406,2.9597384942206406,FP3O,Blind,True,seed_4,FP3O_Blind_Coupled_Safety_True,40
14085,-248.3528044280756,-2.9750419522416895,2.9750419522416895,FP3O,Blind,True,seed_4,FP3O_Blind_Coupled_Safety_True,40
16091,-251.21843465749907,-2.979280014921966,2.979280014921966,FP3O,Blind,True,seed_4,FP3O_Blind_Coupled_Safety_True,40
18097,-246.24042965080542,-2.967952411123837,2.967952411123837,FP3O,Blind,True,seed_4,FP3O_Blind_Coupled_Safety_True,40
20104,-244.16235126081358,-2.960795933979866,2.960795933979866,FP3O,Blind,True,seed_4,FP3O_Blind_Coupled_Safety_True,40
22110,-245.78901531829698,-2.9563678472654513,2.9563678472654513,FP3O,Blind,True,seed_4,FP3O_Blind_Coupled_Safety_True,40
24116,-249.96051068289682,-2.923761827378617,2.923761827378617,FP3O,Blind,True,seed_4,FP3O_Blind_Coupled_Safety_True,40
26122,-244.6974616423772,-2.917538567259265,2.917538567259265,FP3O,Blind,True,seed_4,FP3O_Blind_Coupled_Safety_True,40
28128,-241.35400146448723,-2.9064265302897963,2.9064265302897963,FP3O,Blind,True,seed_4,FP3O_Blind_Coupled_Safety_True,40
30135,-241.58145644478694,-2.8926306172739076,2.8926306172739076,FP3O,Blind,True,seed_4,FP3O_Blind_Coupled_Safety_True,40
32141,-234.333668707843,-2.8889902836400574,2.8889902836400574,FP3O,Blind,True,seed_4,FP3O_Blind_Coupled_Safety_True,40
34147,-239.53805270501923,-2.9098133304510556,2.9098133304510556,FP3O,Blind,True,seed_4,FP3O_Blind_Coupled_Safety_True,40
36153,-245.36153210066362,-2.9138539345765784,2.9138539345765784,FP3O,Blind,True,seed_4,FP3O_Blind_Coupled_Safety_True,40
38160,-246.93129543517188,-2.9031450971734802,2.9031450971734802,FP3O,Blind,True,seed_4,FP3O_Blind_Coupled_Safety_True,40
40166,-245.83260343641885,-2.906388336022979,2.906388336022979,FP3O,Blind,True,seed_4,FP3O_Blind_Coupled_Safety_True,40
42172,-243.91650749873858,-2.9178242310774807,2.9178242310774807,FP3O,Blind,True,seed_4,FP3O_Blind_Coupled_Safety_True,40
44178,-244.05471393988907,-2.9220170607132196,2.9220170607132196,FP3O,Blind,True,seed_4,FP3O_Blind_Coupled_Safety_True,40
46184,-242.12444205840043,-2.9160008108959214,2.9160008108959214,FP3O,Blind,True,seed_4,FP3O_Blind_Coupled_Safety_True,40
48191,-245.9314706841935,-2.9031566768110326,2.9031566768110326,FP3O,Blind,True,seed_4,FP3O_Blind_Coupled_Safety_True,40
50197,-240.0857944444611,-2.905604318250437,2.905604318250437,FP3O,Blind,True,seed_4,FP3O_Blind_Coupled_Safety_True,40
52203,-240.3610645087798,-2.9042587917761287,2.9042587917761287,FP3O,Blind,True,seed_4,FP3O_Blind_Coupled_Safety_True,40
54209,-236.80359201073148,-2.9076476763436587,2.9076476763436587,FP3O,Blind,True,seed_4,FP3O_Blind_Coupled_Safety_True,40
56216,-236.39342829116532,-2.9076303818418103,2.9076303818418103,FP3O,Blind,True,seed_4,FP3O_Blind_Coupled_Safety_True,40
58222,-235.73916795234567,-2.9110853182505503,2.9110853182505503,FP3O,Blind,True,seed_4,FP3O_Blind_Coupled_Safety_True,40
60228,-234.9104522684792,-2.899137788537802,2.899137788537802,FP3O,Blind,True,seed_4,FP3O_Blind_Coupled_Safety_True,40
62234,-234.63175835732994,-2.9052000778964486,2.9052000778964486,FP3O,Blind,True,seed_4,FP3O_Blind_Coupled_Safety_True,40
64240,-233.89704393822626,-2.900173995599108,2.900173995599108,FP3O,Blind,True,seed_4,FP3O_Blind_Coupled_Safety_True,40
66247,-231.50653827242763,-2.911344495147013,2.911344495147013,FP3O,Blind,True,seed_4,FP3O_Blind_Coupled_Safety_True,40
68253,-232.6735999300996,-2.8976159502386,2.8976159502386,FP3O,Blind,True,seed_4,FP3O_Blind_Coupled_Safety_True,40
70259,-232.32151654208903,-2.9049596842868572,2.9049596842868572,FP3O,Blind,True,seed_4,FP3O_Blind_Coupled_Safety_True,40
72265,-234.0619265868332,-2.8987868919546194,2.8987868919546194,FP3O,Blind,True,seed_4,FP3O_Blind_Coupled_Safety_True,40
74272,-231.82753505418916,-2.887003874687327,2.887003874687327,FP3O,Blind,True,seed_4,FP3O_Blind_Coupled_Safety_True,40
76278,-235.00175125947948,-2.8781531450889095,2.8781531450889095,FP3O,Blind,True,seed_4,FP3O_Blind_Coupled_Safety_True,40
78284,-232.06819854553032,-2.8717072295340813,2.8717072295340813,FP3O,Blind,True,seed_4,FP3O_Blind_Coupled_Safety_True,40
80290,-233.77325722528582,-2.8709691424864614,2.8709691424864614,FP3O,Blind,True,seed_4,FP3O_Blind_Coupled_Safety_True,40
82296,-237.84777959153107,-2.8706035072124876,2.8706035072124876,FP3O,Blind,True,seed_4,FP3O_Blind_Coupled_Safety_True,40
84303,-237.97544833381298,-2.863578272893111,2.863578272893111,FP3O,Blind,True,seed_4,FP3O_Blind_Coupled_Safety_True,40
86309,-239.4942860369389,-2.860717466145011,2.860717466145011,FP3O,Blind,True,seed_4,FP3O_Blind_Coupled_Safety_True,40
88315,-238.12921661614965,-2.8689690895632265,2.8689690895632265,FP3O,Blind,True,seed_4,FP3O_Blind_Coupled_Safety_True,40
90321,-239.40461626266108,-2.8725381561729897,2.8725381561729897,FP3O,Blind,True,seed_4,FP3O_Blind_Coupled_Safety_True,40
92328,-239.98544823826163,-2.8688246523608347,2.8688246523608347,FP3O,Blind,True,seed_4,FP3O_Blind_Coupled_Safety_True,40
94334,-241.9522359338094,-2.8636411475291914,2.8636411475291914,FP3O,Blind,True,seed_4,FP3O_Blind_Coupled_Safety_True,40
96340,-241.52034292008278,-2.859112624030429,2.859112624030429,FP3O,Blind,True,seed_4,FP3O_Blind_Coupled_Safety_True,40
98346,-242.2054075954287,-2.855548528336111,2.855548528336111,FP3O,Blind,True,seed_4,FP3O_Blind_Coupled_Safety_True,40
100353,-239.38594671852837,-2.8469657208770305,2.8469657208770305,FP3O,Blind,True,seed_4,FP3O_Blind_Coupled_Safety_True,40
2048,-241.07281186450848,-3.0101754742317395,3.0101754742317395,MAPPO,Type-Conditioned,True,seed_0,MAPPO_Coupled_Safety_True,41
4054,-238.4779106718531,-2.996535898693258,2.996535898693258,MAPPO,Type-Conditioned,True,seed_0,MAPPO_Coupled_Safety_True,41
6060,-241.47047705945258,-2.9839972318150996,2.9839972318150996,MAPPO,Type-Conditioned,True,seed_0,MAPPO_Coupled_Safety_True,41
8066,-234.7466426449645,-2.980083392796009,2.980083392796009,MAPPO,Type-Conditioned,True,seed_0,MAPPO_Coupled_Safety_True,41
10072,-241.6525731209572,-2.964545939816979,2.964545939816979,MAPPO,Type-Conditioned,True,seed_0,MAPPO_Coupled_Safety_True,41
12079,-248.22582115948887,-2.943148971856148,2.943148971856148,MAPPO,Type-Conditioned,True,seed_0,MAPPO_Coupled_Safety_True,41
14085,-246.23417728356114,-2.924342745194188,2.924342745194188,MAPPO,Type-Conditioned,True,seed_0,MAPPO_Coupled_Safety_True,41
16091,-241.1386274360981,-2.908643076242062,2.908643076242062,MAPPO,Type-Conditioned,True,seed_0,MAPPO_Coupled_Safety_True,41
18097,-234.39057582927413,-2.8944785203848022,2.8944785203848022,MAPPO,Type-Conditioned,True,seed_0,MAPPO_Coupled_Safety_True,41
20104,-237.87155107031035,-2.891089695115206,2.891089695115206,MAPPO,Type-Conditioned,True,seed_0,MAPPO_Coupled_Safety_True,41
22110,-234.38107210680093,-2.8785496847424348,2.8785496847424348,MAPPO,Type-Conditioned,True,seed_0,MAPPO_Coupled_Safety_True,41
24116,-236.11179729829837,-2.8753390371223637,2.8753390371223637,MAPPO,Type-Conditioned,True,seed_0,MAPPO_Coupled_Safety_True,41
26122,-238.03813578700212,-2.8615454878127955,2.8615454878127955,MAPPO,Type-Conditioned,True,seed_0,MAPPO_Coupled_Safety_True,41
28128,-235.43411620770965,-2.850753053452133,2.850753053452133,MAPPO,Type-Conditioned,True,seed_0,MAPPO_Coupled_Safety_True,41
30135,-234.2637020985753,-2.815620618035267,2.815620618035267,MAPPO,Type-Conditioned,True,seed_0,MAPPO_Coupled_Safety_True,41
32141,-241.84579098916524,-2.81937877107379,2.81937877107379,MAPPO,Type-Conditioned,True,seed_0,MAPPO_Coupled_Safety_True,41
34147,-236.40003703547256,-2.8151429866599313,2.8151429866599313,MAPPO,Type-Conditioned,True,seed_0,MAPPO_Coupled_Safety_True,41
36153,-232.43028114378615,-2.8182690990736923,2.8182690990736923,MAPPO,Type-Conditioned,True,seed_0,MAPPO_Coupled_Safety_True,41
38160,-236.59800495555393,-2.77604251521683,2.77604251521683,MAPPO,Type-Conditioned,True,seed_0,MAPPO_Coupled_Safety_True,41
40166,-236.25026544438117,-2.7950029454570715,2.7950029454570715,MAPPO,Type-Conditioned,True,seed_0,MAPPO_Coupled_Safety_True,41
42172,-235.63113790893885,-2.7860417907888717,2.7860417907888717,MAPPO,Type-Conditioned,True,seed_0,MAPPO_Coupled_Safety_True,41
44178,-235.9522654331815,-2.7912209336093414,2.7912209336093414,MAPPO,Type-Conditioned,True,seed_0,MAPPO_Coupled_Safety_True,41
46184,-238.96434700917575,-2.772246355411432,2.772246355411432,MAPPO,Type-Conditioned,True,seed_0,MAPPO_Coupled_Safety_True,41
48191,-241.73688716069918,-2.7727224481082424,2.7727224481082424,MAPPO,Type-Conditioned,True,seed_0,MAPPO_Coupled_Safety_True,41
50197,-241.7856224048949,-2.755582539249671,2.755582539249671,MAPPO,Type-Conditioned,True,seed_0,MAPPO_Coupled_Safety_True,41
52203,-237.955960373662,-2.744853059707345,2.744853059707345,MAPPO,Type-Conditioned,True,seed_0,MAPPO_Coupled_Safety_True,41
54209,-236.90605950756805,-2.7600917042867534,2.7600917042867534,MAPPO,Type-Conditioned,True,seed_0,MAPPO_Coupled_Safety_True,41
56216,-238.87988748585607,-2.7523002331174675,2.7523002331174675,MAPPO,Type-Conditioned,True,seed_0,MAPPO_Coupled_Safety_True,41
58222,-236.9846429836228,-2.7490504072715973,2.7490504072715973,MAPPO,Type-Conditioned,True,seed_0,MAPPO_Coupled_Safety_True,41
60228,-246.08614601099086,-2.751771183249375,2.751771183249375,MAPPO,Type-Conditioned,True,seed_0,MAPPO_Coupled_Safety_True,41
62234,-241.72586387436573,-2.750215868401018,2.750215868401018,MAPPO,Type-Conditioned,True,seed_0,MAPPO_Coupled_Safety_True,41
64240,-246.31389525776055,-2.745424196729159,2.745424196729159,MAPPO,Type-Conditioned,True,seed_0,MAPPO_Coupled_Safety_True,41
66247,-246.08930640467574,-2.7427391907987393,2.7427391907987393,MAPPO,Type-Conditioned,True,seed_0,MAPPO_Coupled_Safety_True,41
68253,-247.8269723881951,-2.756614552775318,2.756614552775318,MAPPO,Type-Conditioned,True,seed_0,MAPPO_Coupled_Safety_True,41
70259,-249.5216350911491,-2.748082636308879,2.748082636308879,MAPPO,Type-Conditioned,True,seed_0,MAPPO_Coupled_Safety_True,41
72265,-244.70470411146923,-2.7424596934169783,2.7424596934169783,MAPPO,Type-Conditioned,True,seed_0,MAPPO_Coupled_Safety_True,41
74272,-244.80051080711863,-2.7435287967577175,2.7435287967577175,MAPPO,Type-Conditioned,True,seed_0,MAPPO_Coupled_Safety_True,41
76278,-242.9553318155118,-2.744181584661458,2.744181584661458,MAPPO,Type-Conditioned,True,seed_0,MAPPO_Coupled_Safety_True,41
78284,-242.3606253841012,-2.74460074550986,2.74460074550986,MAPPO,Type-Conditioned,True,seed_0,MAPPO_Coupled_Safety_True,41
80290,-240.77901909831758,-2.7406806182144914,2.7406806182144914,MAPPO,Type-Conditioned,True,seed_0,MAPPO_Coupled_Safety_True,41
82296,-240.35821384933095,-2.7259172295337444,2.7259172295337444,MAPPO,Type-Conditioned,True,seed_0,MAPPO_Coupled_Safety_True,41
84303,-242.53741023677588,-2.729632379748309,2.729632379748309,MAPPO,Type-Conditioned,True,seed_0,MAPPO_Coupled_Safety_True,41
86309,-240.09324912432862,-2.716729892807431,2.716729892807431,MAPPO,Type-Conditioned,True,seed_0,MAPPO_Coupled_Safety_True,41
88315,-240.71764654660157,-2.713427696248798,2.713427696248798,MAPPO,Type-Conditioned,True,seed_0,MAPPO_Coupled_Safety_True,41
90321,-242.6536088211849,-2.7053994713661993,2.7053994713661993,MAPPO,Type-Conditioned,True,seed_0,MAPPO_Coupled_Safety_True,41
92328,-242.3279091111577,-2.7017538362633373,2.7017538362633373,MAPPO,Type-Conditioned,True,seed_0,MAPPO_Coupled_Safety_True,41
94334,-239.75177437532224,-2.6999032248514316,2.6999032248514316,MAPPO,Type-Conditioned,True,seed_0,MAPPO_Coupled_Safety_True,41
96340,-238.812751749605,-2.6977334451475503,2.6977334451475503,MAPPO,Type-Conditioned,True,seed_0,MAPPO_Coupled_Safety_True,41
98346,-239.23918192563633,-2.6952965526573363,2.6952965526573363,MAPPO,Type-Conditioned,True,seed_0,MAPPO_Coupled_Safety_True,41
100353,-239.3089911769291,-2.6899424777836725,2.6899424777836725,MAPPO,Type-Conditioned,True,seed_0,MAPPO_Coupled_Safety_True,41
2048,-235.99816333631713,-3.0291115678198235,3.0291115678198235,MAPPO,Type-Conditioned,True,seed_1,MAPPO_Coupled_Safety_True,41
4054,-231.43789790434678,-3.0128273348079624,3.0128273348079624,MAPPO,Type-Conditioned,True,seed_1,MAPPO_Coupled_Safety_True,41
6060,-238.63375246981317,-3.00820853051879,3.00820853051879,MAPPO,Type-Conditioned,True,seed_1,MAPPO_Coupled_Safety_True,41
8066,-236.31678273675868,-2.9819116387186835,2.9819116387186835,MAPPO,Type-Conditioned,True,seed_1,MAPPO_Coupled_Safety_True,41
10072,-234.0109648537316,-2.972648620017285,2.972648620017285,MAPPO,Type-Conditioned,True,seed_1,MAPPO_Coupled_Safety_True,41
12079,-236.50933427786532,-2.944004062670053,2.944004062670053,MAPPO,Type-Conditioned,True,seed_1,MAPPO_Coupled_Safety_True,41
14085,-231.3430052911888,-2.9279829713038628,2.9279829713038628,MAPPO,Type-Conditioned,True,seed_1,MAPPO_Coupled_Safety_True,41
16091,-233.69319440829358,-2.925254986390265,2.925254986390265,MAPPO,Type-Conditioned,True,seed_1,MAPPO_Coupled_Safety_True,41
18097,-234.43619644975902,-2.896903726066896,2.896903726066896,MAPPO,Type-Conditioned,True,seed_1,MAPPO_Coupled_Safety_True,41
20104,-236.28037787410818,-2.897735464203704,2.897735464203704,MAPPO,Type-Conditioned,True,seed_1,MAPPO_Coupled_Safety_True,41
22110,-236.99406642112254,-2.891621241956816,2.891621241956816,MAPPO,Type-Conditioned,True,seed_1,MAPPO_Coupled_Safety_True,41
24116,-242.05545347277857,-2.892609699003568,2.892609699003568,MAPPO,Type-Conditioned,True,seed_1,MAPPO_Coupled_Safety_True,41
26122,-247.45930118388938,-2.888458754240266,2.888458754240266,MAPPO,Type-Conditioned,True,seed_1,MAPPO_Coupled_Safety_True,41
28128,-239.83975003197858,-2.8979253558792157,2.8979253558792157,MAPPO,Type-Conditioned,True,seed_1,MAPPO_Coupled_Safety_True,41
30135,-243.2103620161246,-2.890197791843962,2.890197791843962,MAPPO,Type-Conditioned,True,seed_1,MAPPO_Coupled_Safety_True,41
32141,-246.43585921794562,-2.8761257908321314,2.8761257908321314,MAPPO,Type-Conditioned,True,seed_1,MAPPO_Coupled_Safety_True,41
34147,-253.34815027500463,-2.8697164958684556,2.8697164958684556,MAPPO,Type-Conditioned,True,seed_1,MAPPO_Coupled_Safety_True,41
36153,-253.1968577847282,-2.8682818214668773,2.8682818214668773,MAPPO,Type-Conditioned,True,seed_1,MAPPO_Coupled_Safety_True,41
38160,-255.52049823621974,-2.860655803259096,2.860655803259096,MAPPO,Type-Conditioned,True,seed_1,MAPPO_Coupled_Safety_True,41
40166,-246.6838369851458,-2.853294042947481,2.853294042947481,MAPPO,Type-Conditioned,True,seed_1,MAPPO_Coupled_Safety_True,41
42172,-241.87436128893927,-2.838141751943197,2.838141751943197,MAPPO,Type-Conditioned,True,seed_1,MAPPO_Coupled_Safety_True,41
44178,-243.93058475610465,-2.824982273397486,2.824982273397486,MAPPO,Type-Conditioned,True,seed_1,MAPPO_Coupled_Safety_True,41
46184,-235.54262638128228,-2.8053290037457344,2.8053290037457344,MAPPO,Type-Conditioned,True,seed_1,MAPPO_Coupled_Safety_True,41
48191,-233.1670021097461,-2.82079154870798,2.82079154870798,MAPPO,Type-Conditioned,True,seed_1,MAPPO_Coupled_Safety_True,41
50197,-235.5908994695613,-2.802781567454321,2.802781567454321,MAPPO,Type-Conditioned,True,seed_1,MAPPO_Coupled_Safety_True,41
52203,-244.48394098944286,-2.7924752769187156,2.7924752769187156,MAPPO,Type-Conditioned,True,seed_1,MAPPO_Coupled_Safety_True,41
54209,-236.42317467534517,-2.78299233378211,2.78299233378211,MAPPO,Type-Conditioned,True,seed_1,MAPPO_Coupled_Safety_True,41
56216,-241.39914609262485,-2.789909420204297,2.789909420204297,MAPPO,Type-Conditioned,True,seed_1,MAPPO_Coupled_Safety_True,41
58222,-246.05088354242415,-2.7841022410032688,2.7841022410032688,MAPPO,Type-Conditioned,True,seed_1,MAPPO_Coupled_Safety_True,41
60228,-241.84183695045397,-2.792772199345743,2.792772199345743,MAPPO,Type-Conditioned,True,seed_1,MAPPO_Coupled_Safety_True,41
62234,-234.50004774976304,-2.7824370356770864,2.7824370356770864,MAPPO,Type-Conditioned,True,seed_1,MAPPO_Coupled_Safety_True,41
64240,-231.74645022060636,-2.7815318970021825,2.7815318970021825,MAPPO,Type-Conditioned,True,seed_1,MAPPO_Coupled_Safety_True,41
66247,-231.87321230370316,-2.770919069839042,2.770919069839042,MAPPO,Type-Conditioned,True,seed_1,MAPPO_Coupled_Safety_True,41
68253,-231.94384620907485,-2.7859253623307128,2.7859253623307128,MAPPO,Type-Conditioned,True,seed_1,MAPPO_Coupled_Safety_True,41
70259,-231.40060971758447,-2.7714926890911276,2.7714926890911276,MAPPO,Type-Conditioned,True,seed_1,MAPPO_Coupled_Safety_True,41
72265,-231.2832513535265,-2.770531329029594,2.770531329029594,MAPPO,Type-Conditioned,True,seed_1,MAPPO_Coupled_Safety_True,41
74272,-232.39669374195225,-2.771622782887009,2.771622782887009,MAPPO,Type-Conditioned,True,seed_1,MAPPO_Coupled_Safety_True,41
76278,-233.71611296333217,-2.770427538942112,2.770427538942112,MAPPO,Type-Conditioned,True,seed_1,MAPPO_Coupled_Safety_True,41
78284,-235.13970354450942,-2.7648590003963114,2.7648590003963114,MAPPO,Type-Conditioned,True,seed_1,MAPPO_Coupled_Safety_True,41
80290,-237.69213750153395,-2.760202917928482,2.760202917928482,MAPPO,Type-Conditioned,True,seed_1,MAPPO_Coupled_Safety_True,41
82296,-238.6832630684193,-2.757026700884735,2.757026700884735,MAPPO,Type-Conditioned,True,seed_1,MAPPO_Coupled_Safety_True,41
84303,-242.03738136766495,-2.752888353607193,2.752888353607193,MAPPO,Type-Conditioned,True,seed_1,MAPPO_Coupled_Safety_True,41
86309,-241.6512340765189,-2.7551238448099693,2.7551238448099693,MAPPO,Type-Conditioned,True,seed_1,MAPPO_Coupled_Safety_True,41
88315,-242.7506530597388,-2.762378183452811,2.762378183452811,MAPPO,Type-Conditioned,True,seed_1,MAPPO_Coupled_Safety_True,41
90321,-243.58030578563458,-2.7541731276595263,2.7541731276595263,MAPPO,Type-Conditioned,True,seed_1,MAPPO_Coupled_Safety_True,41
92328,-242.2902084432492,-2.7439872120903814,2.7439872120903814,MAPPO,Type-Conditioned,True,seed_1,MAPPO_Coupled_Safety_True,41
94334,-239.93858297600016,-2.7407589748208165,2.7407589748208165,MAPPO,Type-Conditioned,True,seed_1,MAPPO_Coupled_Safety_True,41
96340,-238.98200994106034,-2.745509078904557,2.745509078904557,MAPPO,Type-Conditioned,True,seed_1,MAPPO_Coupled_Safety_True,41
98346,-240.27462424204293,-2.738492126223104,2.738492126223104,MAPPO,Type-Conditioned,True,seed_1,MAPPO_Coupled_Safety_True,41
100353,-239.6187586105446,-2.7326753009412807,2.7326753009412807,MAPPO,Type-Conditioned,True,seed_1,MAPPO_Coupled_Safety_True,41
2048,-233.52272588267925,-2.998449500907392,2.998449500907392,MAPPO,Type-Conditioned,True,seed_2,MAPPO_Coupled_Safety_True,41
4054,-226.64167550712233,-2.993680498057849,2.993680498057849,MAPPO,Type-Conditioned,True,seed_2,MAPPO_Coupled_Safety_True,41
6060,-230.1414190727927,-3.0176046211149274,3.0176046211149274,MAPPO,Type-Conditioned,True,seed_2,MAPPO_Coupled_Safety_True,41
8066,-232.18831470947876,-3.002370964596405,3.002370964596405,MAPPO,Type-Conditioned,True,seed_2,MAPPO_Coupled_Safety_True,41
10072,-235.50233439939703,-2.999496849433234,2.999496849433234,MAPPO,Type-Conditioned,True,seed_2,MAPPO_Coupled_Safety_True,41
12079,-240.04488453046898,-2.9855467614125355,2.9855467614125355,MAPPO,Type-Conditioned,True,seed_2,MAPPO_Coupled_Safety_True,41
14085,-242.11393802724336,-2.969921593063373,2.969921593063373,MAPPO,Type-Conditioned,True,seed_2,MAPPO_Coupled_Safety_True,41
16091,-246.19870389151612,-2.96875290190817,2.96875290190817,MAPPO,Type-Conditioned,True,seed_2,MAPPO_Coupled_Safety_True,41
18097,-244.1814181707407,-2.9508438186310473,2.9508438186310473,MAPPO,Type-Conditioned,True,seed_2,MAPPO_Coupled_Safety_True,41
20104,-245.88020123411113,-2.9415523566736503,2.9415523566736503,MAPPO,Type-Conditioned,True,seed_2,MAPPO_Coupled_Safety_True,41
22110,-243.12102339928833,-2.9332116743855208,2.9332116743855208,MAPPO,Type-Conditioned,True,seed_2,MAPPO_Coupled_Safety_True,41
24116,-248.12292035902092,-2.9126125767112794,2.9126125767112794,MAPPO,Type-Conditioned,True,seed_2,MAPPO_Coupled_Safety_True,41
26122,-244.5878815190625,-2.914542623124696,2.914542623124696,MAPPO,Type-Conditioned,True,seed_2,MAPPO_Coupled_Safety_True,41
28128,-239.7816190767185,-2.900981513319389,2.900981513319389,MAPPO,Type-Conditioned,True,seed_2,MAPPO_Coupled_Safety_True,41
30135,-246.89282084777602,-2.8814596209216226,2.8814596209216226,MAPPO,Type-Conditioned,True,seed_2,MAPPO_Coupled_Safety_True,41
32141,-243.51116119643126,-2.8792354853807227,2.8792354853807227,MAPPO,Type-Conditioned,True,seed_2,MAPPO_Coupled_Safety_True,41
34147,-237.605311588349,-2.8597018073143947,2.8597018073143947,MAPPO,Type-Conditioned,True,seed_2,MAPPO_Coupled_Safety_True,41
36153,-241.9411139875636,-2.852897486677688,2.852897486677688,MAPPO,Type-Conditioned,True,seed_2,MAPPO_Coupled_Safety_True,41
38160,-234.89241404445247,-2.8458970672245285,2.8458970672245285,MAPPO,Type-Conditioned,True,seed_2,MAPPO_Coupled_Safety_True,41
40166,-233.81659385996068,-2.851391144578025,2.851391144578025,MAPPO,Type-Conditioned,True,seed_2,MAPPO_Coupled_Safety_True,41
42172,-236.95899169882335,-2.8486069303889807,2.8486069303889807,MAPPO,Type-Conditioned,True,seed_2,MAPPO_Coupled_Safety_True,41
44178,-237.22829706347332,-2.8401065325967303,2.8401065325967303,MAPPO,Type-Conditioned,True,seed_2,MAPPO_Coupled_Safety_True,41
46184,-235.38288022513467,-2.841078033687723,2.841078033687723,MAPPO,Type-Conditioned,True,seed_2,MAPPO_Coupled_Safety_True,41
48191,-235.57265281803674,-2.8471142908538822,2.8471142908538822,MAPPO,Type-Conditioned,True,seed_2,MAPPO_Coupled_Safety_True,41
50197,-234.2503173106475,-2.8430008607572392,2.8430008607572392,MAPPO,Type-Conditioned,True,seed_2,MAPPO_Coupled_Safety_True,41
52203,-237.9358293805297,-2.8333180000474885,2.8333180000474885,MAPPO,Type-Conditioned,True,seed_2,MAPPO_Coupled_Safety_True,41
54209,-237.45077456954826,-2.811517711154217,2.811517711154217,MAPPO,Type-Conditioned,True,seed_2,MAPPO_Coupled_Safety_True,41
56216,-241.96738577672986,-2.794859975485728,2.794859975485728,MAPPO,Type-Conditioned,True,seed_2,MAPPO_Coupled_Safety_True,41
58222,-241.61997051193705,-2.7873551287336187,2.7873551287336187,MAPPO,Type-Conditioned,True,seed_2,MAPPO_Coupled_Safety_True,41
60228,-243.6874613068675,-2.7777270443099917,2.7777270443099917,MAPPO,Type-Conditioned,True,seed_2,MAPPO_Coupled_Safety_True,41
62234,-244.8276154499576,-2.772892530106305,2.772892530106305,MAPPO,Type-Conditioned,True,seed_2,MAPPO_Coupled_Safety_True,41
64240,-240.24179235620127,-2.7704518340976954,2.7704518340976954,MAPPO,Type-Conditioned,True,seed_2,MAPPO_Coupled_Safety_True,41
66247,-237.10359151956612,-2.7718853716506153,2.7718853716506153,MAPPO,Type-Conditioned,True,seed_2,MAPPO_Coupled_Safety_True,41
68253,-235.9900373784595,-2.767662375901299,2.767662375901299,MAPPO,Type-Conditioned,True,seed_2,MAPPO_Coupled_Safety_True,41
70259,-239.50375583764628,-2.768047536198491,2.768047536198491,MAPPO,Type-Conditioned,True,seed_2,MAPPO_Coupled_Safety_True,41
72265,-240.3319124884016,-2.764613129062136,2.764613129062136,MAPPO,Type-Conditioned,True,seed_2,MAPPO_Coupled_Safety_True,41
74272,-237.38024409576533,-2.746291607756273,2.746291607756273,MAPPO,Type-Conditioned,True,seed_2,MAPPO_Coupled_Safety_True,41
76278,-237.62044218268292,-2.7382612579089773,2.7382612579089773,MAPPO,Type-Conditioned,True,seed_2,MAPPO_Coupled_Safety_True,41
78284,-233.12995736637737,-2.736777935605197,2.736777935605197,MAPPO,Type-Conditioned,True,seed_2,MAPPO_Coupled_Safety_True,41
80290,-233.86757821187743,-2.7283762212588627,2.7283762212588627,MAPPO,Type-Conditioned,True,seed_2,MAPPO_Coupled_Safety_True,41
82296,-234.9258369850524,-2.732475071463461,2.732475071463461,MAPPO,Type-Conditioned,True,seed_2,MAPPO_Coupled_Safety_True,41
84303,-236.74166448109344,-2.7407278122250625,2.7407278122250625,MAPPO,Type-Conditioned,True,seed_2,MAPPO_Coupled_Safety_True,41
86309,-237.38048859616458,-2.744949945973323,2.744949945973323,MAPPO,Type-Conditioned,True,seed_2,MAPPO_Coupled_Safety_True,41
88315,-238.38422143696513,-2.7403619677996223,2.7403619677996223,MAPPO,Type-Conditioned,True,seed_2,MAPPO_Coupled_Safety_True,41
90321,-237.90125695188772,-2.7440365903034283,2.7440365903034283,MAPPO,Type-Conditioned,True,seed_2,MAPPO_Coupled_Safety_True,41
92328,-237.37497947906022,-2.740240019835961,2.740240019835961,MAPPO,Type-Conditioned,True,seed_2,MAPPO_Coupled_Safety_True,41
94334,-239.2155960910158,-2.734816433140465,2.734816433140465,MAPPO,Type-Conditioned,True,seed_2,MAPPO_Coupled_Safety_True,41
96340,-240.9287600764385,-2.729406782073736,2.729406782073736,MAPPO,Type-Conditioned,True,seed_2,MAPPO_Coupled_Safety_True,41
98346,-242.02534392178396,-2.7259362535643006,2.7259362535643006,MAPPO,Type-Conditioned,True,seed_2,MAPPO_Coupled_Safety_True,41
100353,-240.6495961841465,-2.7233923527487605,2.7233923527487605,MAPPO,Type-Conditioned,True,seed_2,MAPPO_Coupled_Safety_True,41
2048,-241.3861089134899,-3.0048342694537187,3.0048342694537187,MAPPO,Type-Conditioned,True,seed_3,MAPPO_Coupled_Safety_True,41
4054,-236.90323058640834,-2.9740172546570443,2.9740172546570443,MAPPO,Type-Conditioned,True,seed_3,MAPPO_Coupled_Safety_True,41
6060,-228.4165375133769,-2.9377012924611465,2.9377012924611465,MAPPO,Type-Conditioned,True,seed_3,MAPPO_Coupled_Safety_True,41
8066,-222.20867884135157,-2.9113813915797526,2.9113813915797526,MAPPO,Type-Conditioned,True,seed_3,MAPPO_Coupled_Safety_True,41
10072,-229.76475527865324,-2.8652788193045917,2.8652788193045917,MAPPO,Type-Conditioned,True,seed_3,MAPPO_Coupled_Safety_True,41
12079,-240.68303225412822,-2.828284930387883,2.828284930387883,MAPPO,Type-Conditioned,True,seed_3,MAPPO_Coupled_Safety_True,41
14085,-229.65107704019618,-2.8231891170829413,2.8231891170829413,MAPPO,Type-Conditioned,True,seed_3,MAPPO_Coupled_Safety_True,41
16091,-231.82966180157882,-2.7921029485335893,2.7921029485335893,MAPPO,Type-Conditioned,True,seed_3,MAPPO_Coupled_Safety_True,41
18097,-226.28171423126153,-2.758210152948748,2.758210152948748,MAPPO,Type-Conditioned,True,seed_3,MAPPO_Coupled_Safety_True,41
20104,-225.29680448749923,-2.7475032523814416,2.7475032523814416,MAPPO,Type-Conditioned,True,seed_3,MAPPO_Coupled_Safety_True,41
22110,-226.16564122914653,-2.744642512807088,2.744642512807088,MAPPO,Type-Conditioned,True,seed_3,MAPPO_Coupled_Safety_True,41
24116,-213.33615827447318,-2.734456155200439,2.734456155200439,MAPPO,Type-Conditioned,True,seed_3,MAPPO_Coupled_Safety_True,41
26122,-200.19270500972834,-2.7273380934561833,2.7273380934561833,MAPPO,Type-Conditioned,True,seed_3,MAPPO_Coupled_Safety_True,41
28128,-194.34784223457612,-2.698063389478383,2.698063389478383,MAPPO,Type-Conditioned,True,seed_3,MAPPO_Coupled_Safety_True,41
30135,-197.41978459971284,-2.663323496557401,2.663323496557401,MAPPO,Type-Conditioned,True,seed_3,MAPPO_Coupled_Safety_True,41
32141,-187.98894677685223,-2.666741204408719,2.666741204408719,MAPPO,Type-Conditioned,True,seed_3,MAPPO_Coupled_Safety_True,41
34147,-173.8807862467952,-2.646782629841854,2.646782629841854,MAPPO,Type-Conditioned,True,seed_3,MAPPO_Coupled_Safety_True,41
36153,-169.09031389325247,-2.6290927316494623,2.6290927316494623,MAPPO,Type-Conditioned,True,seed_3,MAPPO_Coupled_Safety_True,41
38160,-155.46059145463389,-2.630488634125811,2.630488634125811,MAPPO,Type-Conditioned,True,seed_3,MAPPO_Coupled_Safety_True,41
40166,-143.29366219605717,-2.621673968343896,2.621673968343896,MAPPO,Type-Conditioned,True,seed_3,MAPPO_Coupled_Safety_True,41
42172,-128.8304424196901,-2.6117135369991447,2.6117135369991447,MAPPO,Type-Conditioned,True,seed_3,MAPPO_Coupled_Safety_True,41
44178,-117.2393495438739,-2.620337657800077,2.620337657800077,MAPPO,Type-Conditioned,True,seed_3,MAPPO_Coupled_Safety_True,41
46184,-110.67262996705699,-2.596619965206639,2.596619965206639,MAPPO,Type-Conditioned,True,seed_3,MAPPO_Coupled_Safety_True,41
48191,-94.48261586976031,-2.5915617540429907,2.5915617540429907,MAPPO,Type-Conditioned,True,seed_3,MAPPO_Coupled_Safety_True,41
50197,-85.43132081456267,-2.577178948831242,2.577178948831242,MAPPO,Type-Conditioned,True,seed_3,MAPPO_Coupled_Safety_True,41
52203,-76.0777388883868,-2.565941238049542,2.565941238049542,MAPPO,Type-Conditioned,True,seed_3,MAPPO_Coupled_Safety_True,41
54209,-70.70485540765833,-2.567606057810471,2.567606057810471,MAPPO,Type-Conditioned,True,seed_3,MAPPO_Coupled_Safety_True,41
56216,-63.15058764293106,-2.5581026905079955,2.5581026905079955,MAPPO,Type-Conditioned,True,seed_3,MAPPO_Coupled_Safety_True,41
58222,-57.551357723068975,-2.549262177328405,2.549262177328405,MAPPO,Type-Conditioned,True,seed_3,MAPPO_Coupled_Safety_True,41
60228,-49.34484469597382,-2.545597987176911,2.545597987176911,MAPPO,Type-Conditioned,True,seed_3,MAPPO_Coupled_Safety_True,41
62234,-35.120312628924296,-2.5286650940240474,2.5286650940240474,MAPPO,Type-Conditioned,True,seed_3,MAPPO_Coupled_Safety_True,41
64240,-33.799200855426356,-2.509381849222648,2.509381849222648,MAPPO,Type-Conditioned,True,seed_3,MAPPO_Coupled_Safety_True,41
66247,-32.702138157501714,-2.4906315026817416,2.4906315026817416,MAPPO,Type-Conditioned,True,seed_3,MAPPO_Coupled_Safety_True,41
68253,-20.931389885580295,-2.4666809481575545,2.4666809481575545,MAPPO,Type-Conditioned,True,seed_3,MAPPO_Coupled_Safety_True,41
70259,-16.48154901773761,-2.4778324599214603,2.4778324599214603,MAPPO,Type-Conditioned,True,seed_3,MAPPO_Coupled_Safety_True,41
72265,-13.837876700183678,-2.4620880041689115,2.4620880041689115,MAPPO,Type-Conditioned,True,seed_3,MAPPO_Coupled_Safety_True,41
74272,-6.19060618799471,-2.4548870854569143,2.4548870854569143,MAPPO,Type-Conditioned,True,seed_3,MAPPO_Coupled_Safety_True,41
76278,-4.547350483888053,-2.4478803099261612,2.4478803099261612,MAPPO,Type-Conditioned,True,seed_3,MAPPO_Coupled_Safety_True,41
78284,3.757288853804207,-2.4454328028612036,2.4454328028612036,MAPPO,Type-Conditioned,True,seed_3,MAPPO_Coupled_Safety_True,41
80290,7.366937948979485,-2.446002008229783,2.446002008229783,MAPPO,Type-Conditioned,True,seed_3,MAPPO_Coupled_Safety_True,41
82296,7.489949187946457,-2.4459283082739542,2.4459283082739542,MAPPO,Type-Conditioned,True,seed_3,MAPPO_Coupled_Safety_True,41
84303,14.001776749952498,-2.4366807178068366,2.4366807178068366,MAPPO,Type-Conditioned,True,seed_3,MAPPO_Coupled_Safety_True,41
86309,12.914139563661129,-2.4309157929363336,2.4309157929363336,MAPPO,Type-Conditioned,True,seed_3,MAPPO_Coupled_Safety_True,41
88315,15.046330848919885,-2.427936118663372,2.427936118663372,MAPPO,Type-Conditioned,True,seed_3,MAPPO_Coupled_Safety_True,41
90321,15.864923275367637,-2.4224004848102165,2.4224004848102165,MAPPO,Type-Conditioned,True,seed_3,MAPPO_Coupled_Safety_True,41
92328,18.17686317709121,-2.425060512328716,2.425060512328716,MAPPO,Type-Conditioned,True,seed_3,MAPPO_Coupled_Safety_True,41
94334,20.010752003071975,-2.421574840245994,2.421574840245994,MAPPO,Type-Conditioned,True,seed_3,MAPPO_Coupled_Safety_True,41
96340,19.078949948457645,-2.418343005326093,2.418343005326093,MAPPO,Type-Conditioned,True,seed_3,MAPPO_Coupled_Safety_True,41
98346,17.642359847164645,-2.4137885988031424,2.4137885988031424,MAPPO,Type-Conditioned,True,seed_3,MAPPO_Coupled_Safety_True,41
100353,16.7141885925651,-2.404817219431496,2.404817219431496,MAPPO,Type-Conditioned,True,seed_3,MAPPO_Coupled_Safety_True,41
2048,-239.53629011808476,-3.0381316492885184,3.0381316492885184,MAPPO,Type-Conditioned,True,seed_4,MAPPO_Coupled_Safety_True,41
4054,-242.82460517167968,-3.047458784635696,3.047458784635696,MAPPO,Type-Conditioned,True,seed_4,MAPPO_Coupled_Safety_True,41
6060,-244.90892697072425,-3.042020705673643,3.042020705673643,MAPPO,Type-Conditioned,True,seed_4,MAPPO_Coupled_Safety_True,41
8066,-241.62426137974217,-3.033265864920855,3.033265864920855,MAPPO,Type-Conditioned,True,seed_4,MAPPO_Coupled_Safety_True,41
10072,-236.12362944853058,-3.0183571554809814,3.0183571554809814,MAPPO,Type-Conditioned,True,seed_4,MAPPO_Coupled_Safety_True,41
12079,-237.0004883299712,-3.006613916276118,3.006613916276118,MAPPO,Type-Conditioned,True,seed_4,MAPPO_Coupled_Safety_True,41
14085,-236.47504828868136,-2.9773930128138457,2.9773930128138457,MAPPO,Type-Conditioned,True,seed_4,MAPPO_Coupled_Safety_True,41
16091,-230.1531504807729,-2.947453845455191,2.947453845455191,MAPPO,Type-Conditioned,True,seed_4,MAPPO_Coupled_Safety_True,41
18097,-231.23367634721004,-2.931134396780036,2.931134396780036,MAPPO,Type-Conditioned,True,seed_4,MAPPO_Coupled_Safety_True,41
20104,-222.3492019091172,-2.9138134078892737,2.9138134078892737,MAPPO,Type-Conditioned,True,seed_4,MAPPO_Coupled_Safety_True,41
22110,-223.60300489623353,-2.8942472128120857,2.8942472128120857,MAPPO,Type-Conditioned,True,seed_4,MAPPO_Coupled_Safety_True,41
24116,-234.02349593073464,-2.8908491328421584,2.8908491328421584,MAPPO,Type-Conditioned,True,seed_4,MAPPO_Coupled_Safety_True,41
26122,-232.35184247992558,-2.890128537948131,2.890128537948131,MAPPO,Type-Conditioned,True,seed_4,MAPPO_Coupled_Safety_True,41
28128,-232.49120865761034,-2.8779295753516507,2.8779295753516507,MAPPO,Type-Conditioned,True,seed_4,MAPPO_Coupled_Safety_True,41
30135,-229.09768834422096,-2.883266717353596,2.883266717353596,MAPPO,Type-Conditioned,True,seed_4,MAPPO_Coupled_Safety_True,41
32141,-228.76601801352496,-2.8557943403639543,2.8557943403639543,MAPPO,Type-Conditioned,True,seed_4,MAPPO_Coupled_Safety_True,41
34147,-231.5729263775063,-2.8425340803680226,2.8425340803680226,MAPPO,Type-Conditioned,True,seed_4,MAPPO_Coupled_Safety_True,41
36153,-237.8347697958273,-2.8243623347277103,2.8243623347277103,MAPPO,Type-Conditioned,True,seed_4,MAPPO_Coupled_Safety_True,41
38160,-239.1019469510744,-2.7950631380865087,2.7950631380865087,MAPPO,Type-Conditioned,True,seed_4,MAPPO_Coupled_Safety_True,41
40166,-242.38784351866374,-2.7893059141395877,2.7893059141395877,MAPPO,Type-Conditioned,True,seed_4,MAPPO_Coupled_Safety_True,41
42172,-244.0095967890317,-2.783323667348116,2.783323667348116,MAPPO,Type-Conditioned,True,seed_4,MAPPO_Coupled_Safety_True,41
44178,-241.20511414002593,-2.7952253167373513,2.7952253167373513,MAPPO,Type-Conditioned,True,seed_4,MAPPO_Coupled_Safety_True,41
46184,-235.27596914223264,-2.795343529605217,2.795343529605217,MAPPO,Type-Conditioned,True,seed_4,MAPPO_Coupled_Safety_True,41
48191,-234.83136601815096,-2.7776195654642004,2.7776195654642004,MAPPO,Type-Conditioned,True,seed_4,MAPPO_Coupled_Safety_True,41
50197,-239.66976211009282,-2.79132249015601,2.79132249015601,MAPPO,Type-Conditioned,True,seed_4,MAPPO_Coupled_Safety_True,41
52203,-238.18772773851907,-2.7959680719013558,2.7959680719013558,MAPPO,Type-Conditioned,True,seed_4,MAPPO_Coupled_Safety_True,41
54209,-234.63074717349713,-2.7930076195706204,2.7930076195706204,MAPPO,Type-Conditioned,True,seed_4,MAPPO_Coupled_Safety_True,41
56216,-237.3646034748272,-2.782156527932635,2.782156527932635,MAPPO,Type-Conditioned,True,seed_4,MAPPO_Coupled_Safety_True,41
58222,-238.0493081690197,-2.7655964310441323,2.7655964310441323,MAPPO,Type-Conditioned,True,seed_4,MAPPO_Coupled_Safety_True,41
60228,-238.11350203476928,-2.75651435475861,2.75651435475861,MAPPO,Type-Conditioned,True,seed_4,MAPPO_Coupled_Safety_True,41
62234,-240.40606133376068,-2.761378874469609,2.761378874469609,MAPPO,Type-Conditioned,True,seed_4,MAPPO_Coupled_Safety_True,41
64240,-238.15938689395048,-2.7717868557377656,2.7717868557377656,MAPPO,Type-Conditioned,True,seed_4,MAPPO_Coupled_Safety_True,41
66247,-238.45303635627647,-2.776992670469025,2.776992670469025,MAPPO,Type-Conditioned,True,seed_4,MAPPO_Coupled_Safety_True,41
68253,-237.22538227445833,-2.7641230634553096,2.7641230634553096,MAPPO,Type-Conditioned,True,seed_4,MAPPO_Coupled_Safety_True,41
70259,-239.56050544269513,-2.7479227542838385,2.7479227542838385,MAPPO,Type-Conditioned,True,seed_4,MAPPO_Coupled_Safety_True,41
72265,-240.2002217861994,-2.7436831200304796,2.7436831200304796,MAPPO,Type-Conditioned,True,seed_4,MAPPO_Coupled_Safety_True,41
74272,-237.89619881994693,-2.7257002164465614,2.7257002164465614,MAPPO,Type-Conditioned,True,seed_4,MAPPO_Coupled_Safety_True,41
76278,-238.59442361976514,-2.725426827659642,2.725426827659642,MAPPO,Type-Conditioned,True,seed_4,MAPPO_Coupled_Safety_True,41
78284,-234.52321773674294,-2.721640875964016,2.721640875964016,MAPPO,Type-Conditioned,True,seed_4,MAPPO_Coupled_Safety_True,41
80290,-235.88503294768498,-2.7161801343791936,2.7161801343791936,MAPPO,Type-Conditioned,True,seed_4,MAPPO_Coupled_Safety_True,41
82296,-235.66524149928065,-2.7046120641344893,2.7046120641344893,MAPPO,Type-Conditioned,True,seed_4,MAPPO_Coupled_Safety_True,41
84303,-234.19662741718875,-2.7074590173469626,2.7074590173469626,MAPPO,Type-Conditioned,True,seed_4,MAPPO_Coupled_Safety_True,41
86309,-237.24029568133363,-2.7037915120761555,2.7037915120761555,MAPPO,Type-Conditioned,True,seed_4,MAPPO_Coupled_Safety_True,41
88315,-239.92254952746873,-2.697633910698219,2.697633910698219,MAPPO,Type-Conditioned,True,seed_4,MAPPO_Coupled_Safety_True,41
90321,-241.3213940064327,-2.6852754528463874,2.6852754528463874,MAPPO,Type-Conditioned,True,seed_4,MAPPO_Coupled_Safety_True,41
92328,-238.40264212158337,-2.6884362866969713,2.6884362866969713,MAPPO,Type-Conditioned,True,seed_4,MAPPO_Coupled_Safety_True,41
94334,-238.48681628819838,-2.697483445807287,2.697483445807287,MAPPO,Type-Conditioned,True,seed_4,MAPPO_Coupled_Safety_True,41
96340,-235.46840576766232,-2.7029679257097206,2.7029679257097206,MAPPO,Type-Conditioned,True,seed_4,MAPPO_Coupled_Safety_True,41
98346,-236.27385912010726,-2.7009459554396846,2.7009459554396846,MAPPO,Type-Conditioned,True,seed_4,MAPPO_Coupled_Safety_True,41
100353,-236.53936830263942,-2.7010950415613246,2.7010950415613246,MAPPO,Type-Conditioned,True,seed_4,MAPPO_Coupled_Safety_True,41
2048,-238.97741270897956,-3.0458624320456757,3.0458624320456757,MAPPO,Blind,True,seed_0,MAPPO_Blind_Coupled_Safety_True,42
4054,-235.76310505781635,-3.0105881194860324,3.0105881194860324,MAPPO,Blind,True,seed_0,MAPPO_Blind_Coupled_Safety_True,42
6060,-231.12392346166703,-2.9854565586864243,2.9854565586864243,MAPPO,Blind,True,seed_0,MAPPO_Blind_Coupled_Safety_True,42
8066,-233.3067271881241,-2.9830723963699297,2.9830723963699297,MAPPO,Blind,True,seed_0,MAPPO_Blind_Coupled_Safety_True,42
10072,-235.5269620604747,-2.951241030241029,2.951241030241029,MAPPO,Blind,True,seed_0,MAPPO_Blind_Coupled_Safety_True,42
12079,-240.24301886705985,-2.9196951949296754,2.9196951949296754,MAPPO,Blind,True,seed_0,MAPPO_Blind_Coupled_Safety_True,42
14085,-243.80260099115932,-2.8948025428506905,2.8948025428506905,MAPPO,Blind,True,seed_0,MAPPO_Blind_Coupled_Safety_True,42
16091,-244.0987096816017,-2.8653003249067837,2.8653003249067837,MAPPO,Blind,True,seed_0,MAPPO_Blind_Coupled_Safety_True,42
18097,-241.8368476250602,-2.8521768382437562,2.8521768382437562,MAPPO,Blind,True,seed_0,MAPPO_Blind_Coupled_Safety_True,42
20104,-237.76062822325875,-2.858510381604692,2.858510381604692,MAPPO,Blind,True,seed_0,MAPPO_Blind_Coupled_Safety_True,42
22110,-241.51756718690575,-2.8456909928361283,2.8456909928361283,MAPPO,Blind,True,seed_0,MAPPO_Blind_Coupled_Safety_True,42
24116,-235.25596290088762,-2.82582396555115,2.82582396555115,MAPPO,Blind,True,seed_0,MAPPO_Blind_Coupled_Safety_True,42
26122,-237.2832789403477,-2.8067261252273474,2.8067261252273474,MAPPO,Blind,True,seed_0,MAPPO_Blind_Coupled_Safety_True,42
28128,-237.9255343877188,-2.7733276519981245,2.7733276519981245,MAPPO,Blind,True,seed_0,MAPPO_Blind_Coupled_Safety_True,42
30135,-241.24889362162784,-2.7727886180990002,2.7727886180990002,MAPPO,Blind,True,seed_0,MAPPO_Blind_Coupled_Safety_True,42
32141,-250.28532880362926,-2.7595336882716643,2.7595336882716643,MAPPO,Blind,True,seed_0,MAPPO_Blind_Coupled_Safety_True,42
34147,-245.0107594703654,-2.7456718757244123,2.7456718757244123,MAPPO,Blind,True,seed_0,MAPPO_Blind_Coupled_Safety_True,42
36153,-241.33685216870006,-2.7714026462768038,2.7714026462768038,MAPPO,Blind,True,seed_0,MAPPO_Blind_Coupled_Safety_True,42
38160,-242.11377369328116,-2.7592152237563,2.7592152237563,MAPPO,Blind,True,seed_0,MAPPO_Blind_Coupled_Safety_True,42
40166,-241.46745085762893,-2.7358317120538738,2.7358317120538738,MAPPO,Blind,True,seed_0,MAPPO_Blind_Coupled_Safety_True,42
42172,-239.35936304843455,-2.718283686140659,2.718283686140659,MAPPO,Blind,True,seed_0,MAPPO_Blind_Coupled_Safety_True,42
44178,-244.87659784609048,-2.7191736969126765,2.7191736969126765,MAPPO,Blind,True,seed_0,MAPPO_Blind_Coupled_Safety_True,42
46184,-245.6990598222473,-2.7078304055591755,2.7078304055591755,MAPPO,Blind,True,seed_0,MAPPO_Blind_Coupled_Safety_True,42
48191,-241.89974935361224,-2.6809963344259775,2.6809963344259775,MAPPO,Blind,True,seed_0,MAPPO_Blind_Coupled_Safety_True,42
50197,-245.58123923637325,-2.681247447704052,2.681247447704052,MAPPO,Blind,True,seed_0,MAPPO_Blind_Coupled_Safety_True,42
52203,-243.48237800115106,-2.664610003520316,2.664610003520316,MAPPO,Blind,True,seed_0,MAPPO_Blind_Coupled_Safety_True,42
54209,-246.97711898412533,-2.6744164783544773,2.6744164783544773,MAPPO,Blind,True,seed_0,MAPPO_Blind_Coupled_Safety_True,42
56216,-244.0769016980225,-2.674103630685591,2.674103630685591,MAPPO,Blind,True,seed_0,MAPPO_Blind_Coupled_Safety_True,42
58222,-243.27169993275382,-2.658583736344359,2.658583736344359,MAPPO,Blind,True,seed_0,MAPPO_Blind_Coupled_Safety_True,42
60228,-247.22758873967885,-2.6603403759113577,2.6603403759113577,MAPPO,Blind,True,seed_0,MAPPO_Blind_Coupled_Safety_True,42
62234,-242.32603534768037,-2.6500680284004017,2.6500680284004017,MAPPO,Blind,True,seed_0,MAPPO_Blind_Coupled_Safety_True,42
64240,-243.7515569390726,-2.6473226133043877,2.6473226133043877,MAPPO,Blind,True,seed_0,MAPPO_Blind_Coupled_Safety_True,42
66247,-245.01742781437736,-2.6409905182680293,2.6409905182680293,MAPPO,Blind,True,seed_0,MAPPO_Blind_Coupled_Safety_True,42
68253,-243.29561485860177,-2.623947223760691,2.623947223760691,MAPPO,Blind,True,seed_0,MAPPO_Blind_Coupled_Safety_True,42
70259,-239.52236145470417,-2.6105781924946303,2.6105781924946303,MAPPO,Blind,True,seed_0,MAPPO_Blind_Coupled_Safety_True,42
72265,-241.9108745819223,-2.611496723110761,2.611496723110761,MAPPO,Blind,True,seed_0,MAPPO_Blind_Coupled_Safety_True,42
74272,-241.15512660797498,-2.6013662686842145,2.6013662686842145,MAPPO,Blind,True,seed_0,MAPPO_Blind_Coupled_Safety_True,42
76278,-239.71711150325862,-2.5917977550282387,2.5917977550282387,MAPPO,Blind,True,seed_0,MAPPO_Blind_Coupled_Safety_True,42
78284,-238.04134831307002,-2.5795379130052765,2.5795379130052765,MAPPO,Blind,True,seed_0,MAPPO_Blind_Coupled_Safety_True,42
80290,-237.85934686789335,-2.577848452584949,2.577848452584949,MAPPO,Blind,True,seed_0,MAPPO_Blind_Coupled_Safety_True,42
82296,-238.79913382716893,-2.5857607811570222,2.5857607811570222,MAPPO,Blind,True,seed_0,MAPPO_Blind_Coupled_Safety_True,42
84303,-240.33497875422307,-2.5730254522986535,2.5730254522986535,MAPPO,Blind,True,seed_0,MAPPO_Blind_Coupled_Safety_True,42
86309,-239.8272158880245,-2.5681754423417047,2.5681754423417047,MAPPO,Blind,True,seed_0,MAPPO_Blind_Coupled_Safety_True,42
88315,-241.29155869276696,-2.570527157441119,2.570527157441119,MAPPO,Blind,True,seed_0,MAPPO_Blind_Coupled_Safety_True,42
90321,-244.92724352673184,-2.564378800870227,2.564378800870227,MAPPO,Blind,True,seed_0,MAPPO_Blind_Coupled_Safety_True,42
92328,-242.7074980650978,-2.5609536860381996,2.5609536860381996,MAPPO,Blind,True,seed_0,MAPPO_Blind_Coupled_Safety_True,42
94334,-240.53093714935682,-2.551873064788603,2.551873064788603,MAPPO,Blind,True,seed_0,MAPPO_Blind_Coupled_Safety_True,42
96340,-242.1198286131893,-2.549170373412038,2.549170373412038,MAPPO,Blind,True,seed_0,MAPPO_Blind_Coupled_Safety_True,42
98346,-241.3526244156466,-2.5445547170034315,2.5445547170034315,MAPPO,Blind,True,seed_0,MAPPO_Blind_Coupled_Safety_True,42
100353,-238.7328675138452,-2.5400484368243514,2.5400484368243514,MAPPO,Blind,True,seed_0,MAPPO_Blind_Coupled_Safety_True,42
2048,-235.19006174894676,-3.0202594514891037,3.0202594514891037,MAPPO,Blind,True,seed_1,MAPPO_Blind_Coupled_Safety_True,42
4054,-234.20726997716872,-3.0100577107979123,3.0100577107979123,MAPPO,Blind,True,seed_1,MAPPO_Blind_Coupled_Safety_True,42
6060,-234.0129132354238,-3.0061566461631073,3.0061566461631073,MAPPO,Blind,True,seed_1,MAPPO_Blind_Coupled_Safety_True,42
8066,-236.2919876548885,-2.991443659683116,2.991443659683116,MAPPO,Blind,True,seed_1,MAPPO_Blind_Coupled_Safety_True,42
10072,-235.08619283866014,-2.9682564978670576,2.9682564978670576,MAPPO,Blind,True,seed_1,MAPPO_Blind_Coupled_Safety_True,42
12079,-236.87257582727804,-2.959086114717421,2.959086114717421,MAPPO,Blind,True,seed_1,MAPPO_Blind_Coupled_Safety_True,42
14085,-236.3131733433928,-2.966076065391603,2.966076065391603,MAPPO,Blind,True,seed_1,MAPPO_Blind_Coupled_Safety_True,42
16091,-230.99275908177975,-2.9437872722572784,2.9437872722572784,MAPPO,Blind,True,seed_1,MAPPO_Blind_Coupled_Safety_True,42
18097,-236.4792467533161,-2.9122442093091654,2.9122442093091654,MAPPO,Blind,True,seed_1,MAPPO_Blind_Coupled_Safety_True,42
20104,-231.9874106445466,-2.9106222096044445,2.9106222096044445,MAPPO,Blind,True,seed_1,MAPPO_Blind_Coupled_Safety_True,42
22110,-227.67975476461154,-2.8923220442747746,2.8923220442747746,MAPPO,Blind,True,seed_1,MAPPO_Blind_Coupled_Safety_True,42
24116,-230.04397621661911,-2.8496273474255527,2.8496273474255527,MAPPO,Blind,True,seed_1,MAPPO_Blind_Coupled_Safety_True,42
26122,-239.91823678354515,-2.8492893920838354,2.8492893920838354,MAPPO,Blind,True,seed_1,MAPPO_Blind_Coupled_Safety_True,42
28128,-241.84091861584568,-2.8309956036910964,2.8309956036910964,MAPPO,Blind,True,seed_1,MAPPO_Blind_Coupled_Safety_True,42
30135,-235.97961652542276,-2.819637245828797,2.819637245828797,MAPPO,Blind,True,seed_1,MAPPO_Blind_Coupled_Safety_True,42
32141,-236.33591593104367,-2.813924055294399,2.813924055294399,MAPPO,Blind,True,seed_1,MAPPO_Blind_Coupled_Safety_True,42
34147,-240.27912653605264,-2.8064025622405415,2.8064025622405415,MAPPO,Blind,True,seed_1,MAPPO_Blind_Coupled_Safety_True,42
36153,-241.56187101725547,-2.8050040582149016,2.8050040582149016,MAPPO,Blind,True,seed_1,MAPPO_Blind_Coupled_Safety_True,42
38160,-237.65054052374498,-2.7898975472162397,2.7898975472162397,MAPPO,Blind,True,seed_1,MAPPO_Blind_Coupled_Safety_True,42
40166,-235.57861029740283,-2.7867145434306684,2.7867145434306684,MAPPO,Blind,True,seed_1,MAPPO_Blind_Coupled_Safety_True,42
42172,-236.68905258664847,-2.7746655608208517,2.7746655608208517,MAPPO,Blind,True,seed_1,MAPPO_Blind_Coupled_Safety_True,42
44178,-237.99137376569666,-2.7743470798606102,2.7743470798606102,MAPPO,Blind,True,seed_1,MAPPO_Blind_Coupled_Safety_True,42
46184,-239.07916125265993,-2.771949189069909,2.771949189069909,MAPPO,Blind,True,seed_1,MAPPO_Blind_Coupled_Safety_True,42
48191,-241.67434394612263,-2.7530081690464754,2.7530081690464754,MAPPO,Blind,True,seed_1,MAPPO_Blind_Coupled_Safety_True,42
50197,-235.3735945253479,-2.7567956316543865,2.7567956316543865,MAPPO,Blind,True,seed_1,MAPPO_Blind_Coupled_Safety_True,42
52203,-236.59679192669697,-2.74306368527933,2.74306368527933,MAPPO,Blind,True,seed_1,MAPPO_Blind_Coupled_Safety_True,42
54209,-232.69948080314938,-2.743882216088543,2.743882216088543,MAPPO,Blind,True,seed_1,MAPPO_Blind_Coupled_Safety_True,42
56216,-228.69478231062348,-2.7396460725224667,2.7396460725224667,MAPPO,Blind,True,seed_1,MAPPO_Blind_Coupled_Safety_True,42
58222,-227.13408284019954,-2.7490990149531327,2.7490990149531327,MAPPO,Blind,True,seed_1,MAPPO_Blind_Coupled_Safety_True,42
60228,-230.1163974707766,-2.737506758570404,2.737506758570404,MAPPO,Blind,True,seed_1,MAPPO_Blind_Coupled_Safety_True,42
62234,-230.0644006239249,-2.7259701560076506,2.7259701560076506,MAPPO,Blind,True,seed_1,MAPPO_Blind_Coupled_Safety_True,42
64240,-231.21731091083194,-2.7185128589835887,2.7185128589835887,MAPPO,Blind,True,seed_1,MAPPO_Blind_Coupled_Safety_True,42
66247,-234.4837077122056,-2.709272023295121,2.709272023295121,MAPPO,Blind,True,seed_1,MAPPO_Blind_Coupled_Safety_True,42
68253,-233.7737444100874,-2.709970371824455,2.709970371824455,MAPPO,Blind,True,seed_1,MAPPO_Blind_Coupled_Safety_True,42
70259,-237.02015298284914,-2.6908572247307054,2.6908572247307054,MAPPO,Blind,True,seed_1,MAPPO_Blind_Coupled_Safety_True,42
72265,-233.67518382896054,-2.678873877655419,2.678873877655419,MAPPO,Blind,True,seed_1,MAPPO_Blind_Coupled_Safety_True,42
74272,-235.00715606319406,-2.6684884276404914,2.6684884276404914,MAPPO,Blind,True,seed_1,MAPPO_Blind_Coupled_Safety_True,42
76278,-234.4860283193569,-2.673863919190393,2.673863919190393,MAPPO,Blind,True,seed_1,MAPPO_Blind_Coupled_Safety_True,42
78284,-233.8976320656464,-2.682889812534468,2.682889812534468,MAPPO,Blind,True,seed_1,MAPPO_Blind_Coupled_Safety_True,42
80290,-234.57033865847788,-2.6778740345252516,2.6778740345252516,MAPPO,Blind,True,seed_1,MAPPO_Blind_Coupled_Safety_True,42
82296,-233.39321123102837,-2.672916603697217,2.672916603697217,MAPPO,Blind,True,seed_1,MAPPO_Blind_Coupled_Safety_True,42
84303,-234.49824464963763,-2.669830955825713,2.669830955825713,MAPPO,Blind,True,seed_1,MAPPO_Blind_Coupled_Safety_True,42
86309,-232.95258266182378,-2.672742353272032,2.672742353272032,MAPPO,Blind,True,seed_1,MAPPO_Blind_Coupled_Safety_True,42
88315,-235.43118476222392,-2.663819335589123,2.663819335589123,MAPPO,Blind,True,seed_1,MAPPO_Blind_Coupled_Safety_True,42
90321,-234.9493797480651,-2.6618602820586443,2.6618602820586443,MAPPO,Blind,True,seed_1,MAPPO_Blind_Coupled_Safety_True,42
92328,-232.21784693008198,-2.6627401303306106,2.6627401303306106,MAPPO,Blind,True,seed_1,MAPPO_Blind_Coupled_Safety_True,42
94334,-233.92389082207706,-2.6606660967415454,2.6606660967415454,MAPPO,Blind,True,seed_1,MAPPO_Blind_Coupled_Safety_True,42
96340,-234.63456238912943,-2.6571325788560345,2.6571325788560345,MAPPO,Blind,True,seed_1,MAPPO_Blind_Coupled_Safety_True,42
98346,-234.10389103731018,-2.655054829093921,2.655054829093921,MAPPO,Blind,True,seed_1,MAPPO_Blind_Coupled_Safety_True,42
100353,-234.19614554506546,-2.6476869092605586,2.6476869092605586,MAPPO,Blind,True,seed_1,MAPPO_Blind_Coupled_Safety_True,42
2048,-250.10531128393086,-2.9922942841108076,2.9922942841108076,MAPPO,Blind,True,seed_2,MAPPO_Blind_Coupled_Safety_True,42
4054,-243.23815426208284,-2.934135974356835,2.934135974356835,MAPPO,Blind,True,seed_2,MAPPO_Blind_Coupled_Safety_True,42
6060,-232.21426226009135,-2.9062050704958784,2.9062050704958784,MAPPO,Blind,True,seed_2,MAPPO_Blind_Coupled_Safety_True,42
8066,-231.00574383787287,-2.8819690776141216,2.8819690776141216,MAPPO,Blind,True,seed_2,MAPPO_Blind_Coupled_Safety_True,42
10072,-223.2216373646212,-2.829173747189981,2.829173747189981,MAPPO,Blind,True,seed_2,MAPPO_Blind_Coupled_Safety_True,42
12079,-212.48056744417042,-2.8139474625104723,2.8139474625104723,MAPPO,Blind,True,seed_2,MAPPO_Blind_Coupled_Safety_True,42
14085,-204.45477592555446,-2.7793299169114545,2.7793299169114545,MAPPO,Blind,True,seed_2,MAPPO_Blind_Coupled_Safety_True,42
16091,-195.19041456644914,-2.754880227288801,2.754880227288801,MAPPO,Blind,True,seed_2,MAPPO_Blind_Coupled_Safety_True,42
18097,-191.25678925670724,-2.750083206268522,2.750083206268522,MAPPO,Blind,True,seed_2,MAPPO_Blind_Coupled_Safety_True,42
20104,-190.21830547783375,-2.733932927169844,2.733932927169844,MAPPO,Blind,True,seed_2,MAPPO_Blind_Coupled_Safety_True,42
22110,-196.4822517600008,-2.7025207139600864,2.7025207139600864,MAPPO,Blind,True,seed_2,MAPPO_Blind_Coupled_Safety_True,42
24116,-193.0303848535837,-2.6651388250947465,2.6651388250947465,MAPPO,Blind,True,seed_2,MAPPO_Blind_Coupled_Safety_True,42
26122,-191.49472292959058,-2.614983662664328,2.614983662664328,MAPPO,Blind,True,seed_2,MAPPO_Blind_Coupled_Safety_True,42
28128,-173.60808841569428,-2.587165369901711,2.587165369901711,MAPPO,Blind,True,seed_2,MAPPO_Blind_Coupled_Safety_True,42
30135,-168.75523729721147,-2.567217950638372,2.567217950638372,MAPPO,Blind,True,seed_2,MAPPO_Blind_Coupled_Safety_True,42
32141,-161.43080970010308,-2.5387733928465575,2.5387733928465575,MAPPO,Blind,True,seed_2,MAPPO_Blind_Coupled_Safety_True,42
34147,-151.489630249678,-2.522402749175461,2.522402749175461,MAPPO,Blind,True,seed_2,MAPPO_Blind_Coupled_Safety_True,42
36153,-143.7953757398103,-2.5088198413955034,2.5088198413955034,MAPPO,Blind,True,seed_2,MAPPO_Blind_Coupled_Safety_True,42
38160,-128.00492705161227,-2.4918737750283917,2.4918737750283917,MAPPO,Blind,True,seed_2,MAPPO_Blind_Coupled_Safety_True,42
40166,-123.72142958592465,-2.470821488475822,2.470821488475822,MAPPO,Blind,True,seed_2,MAPPO_Blind_Coupled_Safety_True,42
42172,-114.61363732728628,-2.4600823749262264,2.4600823749262264,MAPPO,Blind,True,seed_2,MAPPO_Blind_Coupled_Safety_True,42
44178,-109.39599168639576,-2.4521499938893734,2.4521499938893734,MAPPO,Blind,True,seed_2,MAPPO_Blind_Coupled_Safety_True,42
46184,-105.72539886187698,-2.427498470161591,2.427498470161591,MAPPO,Blind,True,seed_2,MAPPO_Blind_Coupled_Safety_True,42
48191,-97.94728854875675,-2.4309363959512003,2.4309363959512003,MAPPO,Blind,True,seed_2,MAPPO_Blind_Coupled_Safety_True,42
50197,-87.63756254341506,-2.4168603334977443,2.4168603334977443,MAPPO,Blind,True,seed_2,MAPPO_Blind_Coupled_Safety_True,42
52203,-79.38780678031682,-2.404558391020194,2.404558391020194,MAPPO,Blind,True,seed_2,MAPPO_Blind_Coupled_Safety_True,42
54209,-72.35398176373607,-2.3993766213205956,2.3993766213205956,MAPPO,Blind,True,seed_2,MAPPO_Blind_Coupled_Safety_True,42
56216,-68.11139715480836,-2.3889632215102004,2.3889632215102004,MAPPO,Blind,True,seed_2,MAPPO_Blind_Coupled_Safety_True,42
58222,-58.47408623745175,-2.3854430559116326,2.3854430559116326,MAPPO,Blind,True,seed_2,MAPPO_Blind_Coupled_Safety_True,42
60228,-54.91217529472964,-2.3749481145007847,2.3749481145007847,MAPPO,Blind,True,seed_2,MAPPO_Blind_Coupled_Safety_True,42
62234,-42.92666695980689,-2.3567312095587076,2.3567312095587076,MAPPO,Blind,True,seed_2,MAPPO_Blind_Coupled_Safety_True,42
64240,-34.95465149833497,-2.3485487052374796,2.3485487052374796,MAPPO,Blind,True,seed_2,MAPPO_Blind_Coupled_Safety_True,42
66247,-33.07165683907948,-2.3277340032239793,2.3277340032239793,MAPPO,Blind,True,seed_2,MAPPO_Blind_Coupled_Safety_True,42
68253,-27.02702008924242,-2.3193767143685124,2.3193767143685124,MAPPO,Blind,True,seed_2,MAPPO_Blind_Coupled_Safety_True,42
70259,-23.022420193503375,-2.3100828098615556,2.3100828098615556,MAPPO,Blind,True,seed_2,MAPPO_Blind_Coupled_Safety_True,42
72265,-15.981211999557235,-2.2998537023739885,2.2998537023739885,MAPPO,Blind,True,seed_2,MAPPO_Blind_Coupled_Safety_True,42
74272,-6.9859164267898235,-2.2908385528083413,2.2908385528083413,MAPPO,Blind,True,seed_2,MAPPO_Blind_Coupled_Safety_True,42
76278,-8.759912432397867,-2.2699294946606234,2.2699294946606234,MAPPO,Blind,True,seed_2,MAPPO_Blind_Coupled_Safety_True,42
78284,-4.181913075687309,-2.260935294151458,2.260935294151458,MAPPO,Blind,True,seed_2,MAPPO_Blind_Coupled_Safety_True,42
80290,-1.000874550987665,-2.2568053015940683,2.2568053015940683,MAPPO,Blind,True,seed_2,MAPPO_Blind_Coupled_Safety_True,42
82296,3.828921022113304,-2.252872722205165,2.252872722205165,MAPPO,Blind,True,seed_2,MAPPO_Blind_Coupled_Safety_True,42
84303,6.678828675787969,-2.2418527871787877,2.2418527871787877,MAPPO,Blind,True,seed_2,MAPPO_Blind_Coupled_Safety_True,42
86309,6.9831783870297475,-2.244640526111225,2.244640526111225,MAPPO,Blind,True,seed_2,MAPPO_Blind_Coupled_Safety_True,42
88315,8.419831240979478,-2.2349380282935147,2.2349380282935147,MAPPO,Blind,True,seed_2,MAPPO_Blind_Coupled_Safety_True,42
90321,8.90260403569475,-2.23493880147695,2.23493880147695,MAPPO,Blind,True,seed_2,MAPPO_Blind_Coupled_Safety_True,42
92328,12.701189891849157,-2.231349131295656,2.231349131295656,MAPPO,Blind,True,seed_2,MAPPO_Blind_Coupled_Safety_True,42
94334,13.940167191586813,-2.2234968795090624,2.2234968795090624,MAPPO,Blind,True,seed_2,MAPPO_Blind_Coupled_Safety_True,42
96340,17.174575874881878,-2.2238930283353944,2.2238930283353944,MAPPO,Blind,True,seed_2,MAPPO_Blind_Coupled_Safety_True,42
98346,17.102696746087563,-2.2150078412682705,2.2150078412682705,MAPPO,Blind,True,seed_2,MAPPO_Blind_Coupled_Safety_True,42
100353,16.712513499084515,-2.210377729506177,2.210377729506177,MAPPO,Blind,True,seed_2,MAPPO_Blind_Coupled_Safety_True,42
2048,-230.52799846878452,-2.9914368577189725,2.9914368577189725,MAPPO,Blind,True,seed_3,MAPPO_Blind_Coupled_Safety_True,42
4054,-231.4627203237425,-2.9377527132024213,2.9377527132024213,MAPPO,Blind,True,seed_3,MAPPO_Blind_Coupled_Safety_True,42
6060,-228.54651968462844,-2.9065067626067917,2.9065067626067917,MAPPO,Blind,True,seed_3,MAPPO_Blind_Coupled_Safety_True,42
8066,-225.63435635443003,-2.8980377234075565,2.8980377234075565,MAPPO,Blind,True,seed_3,MAPPO_Blind_Coupled_Safety_True,42
10072,-224.6437592423404,-2.8941550740997326,2.8941550740997326,MAPPO,Blind,True,seed_3,MAPPO_Blind_Coupled_Safety_True,42
12079,-217.80196158460757,-2.865981860032228,2.865981860032228,MAPPO,Blind,True,seed_3,MAPPO_Blind_Coupled_Safety_True,42
14085,-211.3922503588623,-2.8367148283861185,2.8367148283861185,MAPPO,Blind,True,seed_3,MAPPO_Blind_Coupled_Safety_True,42
16091,-218.60395045982415,-2.7781009713090308,2.7781009713090308,MAPPO,Blind,True,seed_3,MAPPO_Blind_Coupled_Safety_True,42
18097,-207.12618926287385,-2.7412190859680328,2.7412190859680328,MAPPO,Blind,True,seed_3,MAPPO_Blind_Coupled_Safety_True,42
20104,-211.9117568921003,-2.7035981444201336,2.7035981444201336,MAPPO,Blind,True,seed_3,MAPPO_Blind_Coupled_Safety_True,42
22110,-200.45715102837636,-2.6707658342345035,2.6707658342345035,MAPPO,Blind,True,seed_3,MAPPO_Blind_Coupled_Safety_True,42
24116,-189.20170911009095,-2.645735264792502,2.645735264792502,MAPPO,Blind,True,seed_3,MAPPO_Blind_Coupled_Safety_True,42
26122,-189.51353384955732,-2.6180646867357407,2.6180646867357407,MAPPO,Blind,True,seed_3,MAPPO_Blind_Coupled_Safety_True,42
28128,-184.56841660900398,-2.5736046661247785,2.5736046661247785,MAPPO,Blind,True,seed_3,MAPPO_Blind_Coupled_Safety_True,42
30135,-182.02435648034614,-2.566181051878368,2.566181051878368,MAPPO,Blind,True,seed_3,MAPPO_Blind_Coupled_Safety_True,42
32141,-173.68975401889622,-2.5360627807509872,2.5360627807509872,MAPPO,Blind,True,seed_3,MAPPO_Blind_Coupled_Safety_True,42
34147,-165.36665486715535,-2.5236137948452813,2.5236137948452813,MAPPO,Blind,True,seed_3,MAPPO_Blind_Coupled_Safety_True,42
36153,-151.5464718350941,-2.5321202444561264,2.5321202444561264,MAPPO,Blind,True,seed_3,MAPPO_Blind_Coupled_Safety_True,42
38160,-135.97647024172477,-2.5034603218575855,2.5034603218575855,MAPPO,Blind,True,seed_3,MAPPO_Blind_Coupled_Safety_True,42
40166,-121.0907025620933,-2.4591884786561264,2.4591884786561264,MAPPO,Blind,True,seed_3,MAPPO_Blind_Coupled_Safety_True,42
42172,-115.81662295534817,-2.4443581646627845,2.4443581646627845,MAPPO,Blind,True,seed_3,MAPPO_Blind_Coupled_Safety_True,42
44178,-108.06294807731653,-2.445000625247899,2.445000625247899,MAPPO,Blind,True,seed_3,MAPPO_Blind_Coupled_Safety_True,42
46184,-106.213540914306,-2.452940508934825,2.452940508934825,MAPPO,Blind,True,seed_3,MAPPO_Blind_Coupled_Safety_True,42
48191,-99.17882086530463,-2.4248962705019963,2.4248962705019963,MAPPO,Blind,True,seed_3,MAPPO_Blind_Coupled_Safety_True,42
50197,-84.57248297687603,-2.417127361765676,2.417127361765676,MAPPO,Blind,True,seed_3,MAPPO_Blind_Coupled_Safety_True,42
52203,-68.78513038279785,-2.3994044369925236,2.3994044369925236,MAPPO,Blind,True,seed_3,MAPPO_Blind_Coupled_Safety_True,42
54209,-66.02865273288265,-2.386456182220087,2.386456182220087,MAPPO,Blind,True,seed_3,MAPPO_Blind_Coupled_Safety_True,42
56216,-59.986825901309274,-2.4003555281445363,2.4003555281445363,MAPPO,Blind,True,seed_3,MAPPO_Blind_Coupled_Safety_True,42
58222,-51.8300572926389,-2.37184144124261,2.37184144124261,MAPPO,Blind,True,seed_3,MAPPO_Blind_Coupled_Safety_True,42
60228,-43.15317682596209,-2.3625017010043687,2.3625017010043687,MAPPO,Blind,True,seed_3,MAPPO_Blind_Coupled_Safety_True,42
62234,-39.21391923003671,-2.35520157517837,2.35520157517837,MAPPO,Blind,True,seed_3,MAPPO_Blind_Coupled_Safety_True,42
64240,-30.903178736019765,-2.353078927949462,2.353078927949462,MAPPO,Blind,True,seed_3,MAPPO_Blind_Coupled_Safety_True,42
66247,-26.628809501671636,-2.341638468521001,2.341638468521001,MAPPO,Blind,True,seed_3,MAPPO_Blind_Coupled_Safety_True,42
68253,-21.044527956471416,-2.3325033322641584,2.3325033322641584,MAPPO,Blind,True,seed_3,MAPPO_Blind_Coupled_Safety_True,42
70259,-14.272001287463725,-2.3180964411315976,2.3180964411315976,MAPPO,Blind,True,seed_3,MAPPO_Blind_Coupled_Safety_True,42
72265,-10.121428770055685,-2.309979152835556,2.309979152835556,MAPPO,Blind,True,seed_3,MAPPO_Blind_Coupled_Safety_True,42
74272,-7.713278677116121,-2.2975497505160405,2.2975497505160405,MAPPO,Blind,True,seed_3,MAPPO_Blind_Coupled_Safety_True,42
76278,-4.4550256018354455,-2.2929795187996,2.2929795187996,MAPPO,Blind,True,seed_3,MAPPO_Blind_Coupled_Safety_True,42
78284,-1.4803808728774783,-2.281310230749453,2.281310230749453,MAPPO,Blind,True,seed_3,MAPPO_Blind_Coupled_Safety_True,42
80290,0.43826676396384173,-2.275497803964972,2.275497803964972,MAPPO,Blind,True,seed_3,MAPPO_Blind_Coupled_Safety_True,42
82296,2.5325842649547243,-2.2671118305400295,2.2671118305400295,MAPPO,Blind,True,seed_3,MAPPO_Blind_Coupled_Safety_True,42
84303,8.742204505280307,-2.265876535968586,2.265876535968586,MAPPO,Blind,True,seed_3,MAPPO_Blind_Coupled_Safety_True,42
86309,11.262628481513762,-2.257152575795553,2.257152575795553,MAPPO,Blind,True,seed_3,MAPPO_Blind_Coupled_Safety_True,42
88315,11.566541675919604,-2.240459366388384,2.240459366388384,MAPPO,Blind,True,seed_3,MAPPO_Blind_Coupled_Safety_True,42
90321,13.830938908831529,-2.2405722826791514,2.2405722826791514,MAPPO,Blind,True,seed_3,MAPPO_Blind_Coupled_Safety_True,42
92328,13.843212881195688,-2.230238305687001,2.230238305687001,MAPPO,Blind,True,seed_3,MAPPO_Blind_Coupled_Safety_True,42
94334,16.200126046295573,-2.2225154386682386,2.2225154386682386,MAPPO,Blind,True,seed_3,MAPPO_Blind_Coupled_Safety_True,42
96340,16.708401885151112,-2.216253669654079,2.216253669654079,MAPPO,Blind,True,seed_3,MAPPO_Blind_Coupled_Safety_True,42
98346,16.529320491948063,-2.2153429646427423,2.2153429646427423,MAPPO,Blind,True,seed_3,MAPPO_Blind_Coupled_Safety_True,42
100353,16.08476951022896,-2.2098813937277004,2.2098813937277004,MAPPO,Blind,True,seed_3,MAPPO_Blind_Coupled_Safety_True,42
2048,-229.99568964513614,-3.0290635520643985,3.0290635520643985,MAPPO,Blind,True,seed_4,MAPPO_Blind_Coupled_Safety_True,42
4054,-230.4498708799576,-2.9996924492178483,2.9996924492178483,MAPPO,Blind,True,seed_4,MAPPO_Blind_Coupled_Safety_True,42
6060,-229.2935726027357,-2.97228329100061,2.97228329100061,MAPPO,Blind,True,seed_4,MAPPO_Blind_Coupled_Safety_True,42
8066,-227.32922266952968,-2.9443988400288506,2.9443988400288506,MAPPO,Blind,True,seed_4,MAPPO_Blind_Coupled_Safety_True,42
10072,-225.22284715104797,-2.9427255050282133,2.9427255050282133,MAPPO,Blind,True,seed_4,MAPPO_Blind_Coupled_Safety_True,42
12079,-223.94266717883062,-2.9256899161080003,2.9256899161080003,MAPPO,Blind,True,seed_4,MAPPO_Blind_Coupled_Safety_True,42
14085,-224.94015903662563,-2.9083826823264682,2.9083826823264682,MAPPO,Blind,True,seed_4,MAPPO_Blind_Coupled_Safety_True,42
16091,-226.9794902464555,-2.868915007458128,2.868915007458128,MAPPO,Blind,True,seed_4,MAPPO_Blind_Coupled_Safety_True,42
18097,-228.43996375218728,-2.8678661930453684,2.8678661930453684,MAPPO,Blind,True,seed_4,MAPPO_Blind_Coupled_Safety_True,42
20104,-229.80777648375948,-2.8413305321291933,2.8413305321291933,MAPPO,Blind,True,seed_4,MAPPO_Blind_Coupled_Safety_True,42
22110,-225.49083693263537,-2.833653309532774,2.833653309532774,MAPPO,Blind,True,seed_4,MAPPO_Blind_Coupled_Safety_True,42
24116,-224.24952826443442,-2.8284232016261592,2.8284232016261592,MAPPO,Blind,True,seed_4,MAPPO_Blind_Coupled_Safety_True,42
26122,-237.35610823191018,-2.836017329707057,2.836017329707057,MAPPO,Blind,True,seed_4,MAPPO_Blind_Coupled_Safety_True,42
28128,-233.7040585679664,-2.808590062085814,2.808590062085814,MAPPO,Blind,True,seed_4,MAPPO_Blind_Coupled_Safety_True,42
30135,-232.59093566391138,-2.763266829880091,2.763266829880091,MAPPO,Blind,True,seed_4,MAPPO_Blind_Coupled_Safety_True,42
32141,-232.5389902427322,-2.7614037370859674,2.7614037370859674,MAPPO,Blind,True,seed_4,MAPPO_Blind_Coupled_Safety_True,42
34147,-233.91148970745888,-2.777617164879547,2.777617164879547,MAPPO,Blind,True,seed_4,MAPPO_Blind_Coupled_Safety_True,42
36153,-229.4291848082712,-2.7838725067552157,2.7838725067552157,MAPPO,Blind,True,seed_4,MAPPO_Blind_Coupled_Safety_True,42
38160,-226.55183823123178,-2.776420791505871,2.776420791505871,MAPPO,Blind,True,seed_4,MAPPO_Blind_Coupled_Safety_True,42
40166,-230.4876424331977,-2.761161745291826,2.761161745291826,MAPPO,Blind,True,seed_4,MAPPO_Blind_Coupled_Safety_True,42
42172,-229.49954539132943,-2.7613712310094973,2.7613712310094973,MAPPO,Blind,True,seed_4,MAPPO_Blind_Coupled_Safety_True,42
44178,-233.5441384231856,-2.741336224372161,2.741336224372161,MAPPO,Blind,True,seed_4,MAPPO_Blind_Coupled_Safety_True,42
46184,-238.1747840323682,-2.7386921325804647,2.7386921325804647,MAPPO,Blind,True,seed_4,MAPPO_Blind_Coupled_Safety_True,42
48191,-239.35122243487152,-2.735796720593287,2.735796720593287,MAPPO,Blind,True,seed_4,MAPPO_Blind_Coupled_Safety_True,42
50197,-235.43593055660313,-2.7380469621279304,2.7380469621279304,MAPPO,Blind,True,seed_4,MAPPO_Blind_Coupled_Safety_True,42
52203,-232.10821996425284,-2.7559441160882563,2.7559441160882563,MAPPO,Blind,True,seed_4,MAPPO_Blind_Coupled_Safety_True,42
54209,-230.93846313308939,-2.7469173414742745,2.7469173414742745,MAPPO,Blind,True,seed_4,MAPPO_Blind_Coupled_Safety_True,42
56216,-229.44653918344196,-2.729704848559402,2.729704848559402,MAPPO,Blind,True,seed_4,MAPPO_Blind_Coupled_Safety_True,42
58222,-228.99260518268224,-2.7187949525245156,2.7187949525245156,MAPPO,Blind,True,seed_4,MAPPO_Blind_Coupled_Safety_True,42
60228,-232.1196175731623,-2.692855190225202,2.692855190225202,MAPPO,Blind,True,seed_4,MAPPO_Blind_Coupled_Safety_True,42
62234,-231.57825931019985,-2.6798641169782424,2.6798641169782424,MAPPO,Blind,True,seed_4,MAPPO_Blind_Coupled_Safety_True,42
64240,-230.22055552623766,-2.67072267072149,2.67072267072149,MAPPO,Blind,True,seed_4,MAPPO_Blind_Coupled_Safety_True,42
66247,-229.3896048861754,-2.661422779256896,2.661422779256896,MAPPO,Blind,True,seed_4,MAPPO_Blind_Coupled_Safety_True,42
68253,-227.7168144662656,-2.6585252902642798,2.6585252902642798,MAPPO,Blind,True,seed_4,MAPPO_Blind_Coupled_Safety_True,42
70259,-227.76974229665356,-2.6477564199843457,2.6477564199843457,MAPPO,Blind,True,seed_4,MAPPO_Blind_Coupled_Safety_True,42
72265,-228.8123117694821,-2.6530577830193445,2.6530577830193445,MAPPO,Blind,True,seed_4,MAPPO_Blind_Coupled_Safety_True,42
74272,-228.03791275884956,-2.6484760008863404,2.6484760008863404,MAPPO,Blind,True,seed_4,MAPPO_Blind_Coupled_Safety_True,42
76278,-230.07472551130246,-2.6439823565556764,2.6439823565556764,MAPPO,Blind,True,seed_4,MAPPO_Blind_Coupled_Safety_True,42
78284,-233.5920629073776,-2.637502956974878,2.637502956974878,MAPPO,Blind,True,seed_4,MAPPO_Blind_Coupled_Safety_True,42
80290,-234.82628343391806,-2.6347394713114936,2.6347394713114936,MAPPO,Blind,True,seed_4,MAPPO_Blind_Coupled_Safety_True,42
82296,-236.95929220458038,-2.635944353964871,2.635944353964871,MAPPO,Blind,True,seed_4,MAPPO_Blind_Coupled_Safety_True,42
84303,-238.43916817833036,-2.626379294708284,2.626379294708284,MAPPO,Blind,True,seed_4,MAPPO_Blind_Coupled_Safety_True,42
86309,-238.60706708579417,-2.6193825351019457,2.6193825351019457,MAPPO,Blind,True,seed_4,MAPPO_Blind_Coupled_Safety_True,42
88315,-239.77402137674284,-2.615169445162852,2.615169445162852,MAPPO,Blind,True,seed_4,MAPPO_Blind_Coupled_Safety_True,42
90321,-239.8436833088031,-2.6066519672684163,2.6066519672684163,MAPPO,Blind,True,seed_4,MAPPO_Blind_Coupled_Safety_True,42
92328,-241.91595438211576,-2.602215581863146,2.602215581863146,MAPPO,Blind,True,seed_4,MAPPO_Blind_Coupled_Safety_True,42
94334,-240.64755362166284,-2.6000811555759453,2.6000811555759453,MAPPO,Blind,True,seed_4,MAPPO_Blind_Coupled_Safety_True,42
96340,-239.90592579530502,-2.602462244262734,2.602462244262734,MAPPO,Blind,True,seed_4,MAPPO_Blind_Coupled_Safety_True,42
98346,-239.81520103798567,-2.6019197196579493,2.6019197196579493,MAPPO,Blind,True,seed_4,MAPPO_Blind_Coupled_Safety_True,42
100353,-238.36856265983616,-2.6016817042719818,2.6016817042719818,MAPPO,Blind,True,seed_4,MAPPO_Blind_Coupled_Safety_True,42
2048,-236.11651526085618,-3.015613787630936,3.015613787630936,IPPO,Type-Conditioned,True,seed_0,IPPO_Coupled_Safety_True,43
4054,-236.7611244779623,-3.002937879995457,3.002937879995457,IPPO,Type-Conditioned,True,seed_0,IPPO_Coupled_Safety_True,43
6060,-234.37230652963208,-2.9721499340465654,2.9721499340465654,IPPO,Type-Conditioned,True,seed_0,IPPO_Coupled_Safety_True,43
8066,-238.32185123382803,-2.947297763975974,2.947297763975974,IPPO,Type-Conditioned,True,seed_0,IPPO_Coupled_Safety_True,43
10072,-254.43372829521516,-2.913275622337516,2.913275622337516,IPPO,Type-Conditioned,True,seed_0,IPPO_Coupled_Safety_True,43
12079,-250.73708263059567,-2.8607618691184857,2.8607618691184857,IPPO,Type-Conditioned,True,seed_0,IPPO_Coupled_Safety_True,43
14085,-236.51578215709026,-2.845317256271491,2.845317256271491,IPPO,Type-Conditioned,True,seed_0,IPPO_Coupled_Safety_True,43
16091,-228.12313410605364,-2.8645344813337426,2.8645344813337426,IPPO,Type-Conditioned,True,seed_0,IPPO_Coupled_Safety_True,43
18097,-220.68498901170238,-2.8579835207851847,2.8579835207851847,IPPO,Type-Conditioned,True,seed_0,IPPO_Coupled_Safety_True,43
20104,-212.42404199433494,-2.840213832154147,2.840213832154147,IPPO,Type-Conditioned,True,seed_0,IPPO_Coupled_Safety_True,43
22110,-212.90811849546077,-2.8201392449799934,2.8201392449799934,IPPO,Type-Conditioned,True,seed_0,IPPO_Coupled_Safety_True,43
24116,-211.99293876383226,-2.8048466672176184,2.8048466672176184,IPPO,Type-Conditioned,True,seed_0,IPPO_Coupled_Safety_True,43
26122,-215.87872341871352,-2.7966406795362673,2.7966406795362673,IPPO,Type-Conditioned,True,seed_0,IPPO_Coupled_Safety_True,43
28128,-216.32603787192144,-2.7669574984725305,2.7669574984725305,IPPO,Type-Conditioned,True,seed_0,IPPO_Coupled_Safety_True,43
30135,-210.02314925175253,-2.7677304215531637,2.7677304215531637,IPPO,Type-Conditioned,True,seed_0,IPPO_Coupled_Safety_True,43
32141,-200.50807046680416,-2.7622158722037913,2.7622158722037913,IPPO,Type-Conditioned,True,seed_0,IPPO_Coupled_Safety_True,43
34147,-200.25395571967832,-2.7561285919554406,2.7561285919554406,IPPO,Type-Conditioned,True,seed_0,IPPO_Coupled_Safety_True,43
36153,-200.9818150567288,-2.746334215101062,2.746334215101062,IPPO,Type-Conditioned,True,seed_0,IPPO_Coupled_Safety_True,43
38160,-197.89906901177477,-2.731894967089024,2.731894967089024,IPPO,Type-Conditioned,True,seed_0,IPPO_Coupled_Safety_True,43
40166,-190.92614504973832,-2.725586115503449,2.725586115503449,IPPO,Type-Conditioned,True,seed_0,IPPO_Coupled_Safety_True,43
42172,-196.06374005406454,-2.7180653121502454,2.7180653121502454,IPPO,Type-Conditioned,True,seed_0,IPPO_Coupled_Safety_True,43
44178,-203.84415573814377,-2.7002484472055728,2.7002484472055728,IPPO,Type-Conditioned,True,seed_0,IPPO_Coupled_Safety_True,43
46184,-199.22773533670653,-2.6816196182511582,2.6816196182511582,IPPO,Type-Conditioned,True,seed_0,IPPO_Coupled_Safety_True,43
48191,-198.09387285599038,-2.671716233772485,2.671716233772485,IPPO,Type-Conditioned,True,seed_0,IPPO_Coupled_Safety_True,43
50197,-192.30154646674018,-2.676976036505334,2.676976036505334,IPPO,Type-Conditioned,True,seed_0,IPPO_Coupled_Safety_True,43
52203,-184.78916110192475,-2.6525162591327995,2.6525162591327995,IPPO,Type-Conditioned,True,seed_0,IPPO_Coupled_Safety_True,43
54209,-179.4206840898695,-2.628621366081738,2.628621366081738,IPPO,Type-Conditioned,True,seed_0,IPPO_Coupled_Safety_True,43
56216,-164.74025681925824,-2.623141317659461,2.623141317659461,IPPO,Type-Conditioned,True,seed_0,IPPO_Coupled_Safety_True,43
58222,-157.86511601611002,-2.6165566613942257,2.6165566613942257,IPPO,Type-Conditioned,True,seed_0,IPPO_Coupled_Safety_True,43
60228,-151.83221452387895,-2.6112536162329096,2.6112536162329096,IPPO,Type-Conditioned,True,seed_0,IPPO_Coupled_Safety_True,43
62234,-144.92540672129155,-2.606562954427482,2.606562954427482,IPPO,Type-Conditioned,True,seed_0,IPPO_Coupled_Safety_True,43
64240,-146.86324466684619,-2.5977442580399193,2.5977442580399193,IPPO,Type-Conditioned,True,seed_0,IPPO_Coupled_Safety_True,43
66247,-138.21033149477915,-2.6039433002476686,2.6039433002476686,IPPO,Type-Conditioned,True,seed_0,IPPO_Coupled_Safety_True,43
68253,-135.742364808931,-2.5830265507213093,2.5830265507213093,IPPO,Type-Conditioned,True,seed_0,IPPO_Coupled_Safety_True,43
70259,-130.29697075574825,-2.5710347508278253,2.5710347508278253,IPPO,Type-Conditioned,True,seed_0,IPPO_Coupled_Safety_True,43
72265,-132.64702325840534,-2.5659530003245816,2.5659530003245816,IPPO,Type-Conditioned,True,seed_0,IPPO_Coupled_Safety_True,43
74272,-135.88203553443353,-2.5497658038100397,2.5497658038100397,IPPO,Type-Conditioned,True,seed_0,IPPO_Coupled_Safety_True,43
76278,-129.17537268884195,-2.546309241284209,2.546309241284209,IPPO,Type-Conditioned,True,seed_0,IPPO_Coupled_Safety_True,43
78284,-125.32091810748565,-2.5553083154424763,2.5553083154424763,IPPO,Type-Conditioned,True,seed_0,IPPO_Coupled_Safety_True,43
80290,-126.43073393294472,-2.551242034438408,2.551242034438408,IPPO,Type-Conditioned,True,seed_0,IPPO_Coupled_Safety_True,43
82296,-126.82808672427025,-2.5485452765917596,2.5485452765917596,IPPO,Type-Conditioned,True,seed_0,IPPO_Coupled_Safety_True,43
84303,-120.77612816706859,-2.5370670631081014,2.5370670631081014,IPPO,Type-Conditioned,True,seed_0,IPPO_Coupled_Safety_True,43
86309,-122.6598104895959,-2.53096485920338,2.53096485920338,IPPO,Type-Conditioned,True,seed_0,IPPO_Coupled_Safety_True,43
88315,-116.30386239919065,-2.5269024444765793,2.5269024444765793,IPPO,Type-Conditioned,True,seed_0,IPPO_Coupled_Safety_True,43
90321,-117.77291019392518,-2.5235477864187708,2.5235477864187708,IPPO,Type-Conditioned,True,seed_0,IPPO_Coupled_Safety_True,43
92328,-115.22744116904875,-2.5270663232127966,2.5270663232127966,IPPO,Type-Conditioned,True,seed_0,IPPO_Coupled_Safety_True,43
94334,-115.20848056409214,-2.5259995229259364,2.5259995229259364,IPPO,Type-Conditioned,True,seed_0,IPPO_Coupled_Safety_True,43
96340,-113.54571657173702,-2.519304863157123,2.519304863157123,IPPO,Type-Conditioned,True,seed_0,IPPO_Coupled_Safety_True,43
98346,-113.84548241947532,-2.5176603169131138,2.5176603169131138,IPPO,Type-Conditioned,True,seed_0,IPPO_Coupled_Safety_True,43
100353,-113.17768940214754,-2.515878846348018,2.515878846348018,IPPO,Type-Conditioned,True,seed_0,IPPO_Coupled_Safety_True,43
2048,-242.6575014502088,-3.018988173444781,3.018988173444781,IPPO,Type-Conditioned,True,seed_1,IPPO_Coupled_Safety_True,43
4054,-245.46566056029414,-3.0023597306067424,3.0023597306067424,IPPO,Type-Conditioned,True,seed_1,IPPO_Coupled_Safety_True,43
6060,-249.71134044942102,-3.0167031182842616,3.0167031182842616,IPPO,Type-Conditioned,True,seed_1,IPPO_Coupled_Safety_True,43
8066,-248.5563834424954,-2.995123799403435,2.995123799403435,IPPO,Type-Conditioned,True,seed_1,IPPO_Coupled_Safety_True,43
10072,-244.53686727405105,-2.973554693544669,2.973554693544669,IPPO,Type-Conditioned,True,seed_1,IPPO_Coupled_Safety_True,43
12079,-239.0425975944592,-2.9496859402662032,2.9496859402662032,IPPO,Type-Conditioned,True,seed_1,IPPO_Coupled_Safety_True,43
14085,-239.20260701459475,-2.9464013537437723,2.9464013537437723,IPPO,Type-Conditioned,True,seed_1,IPPO_Coupled_Safety_True,43
16091,-240.36830330442254,-2.9300737603005635,2.9300737603005635,IPPO,Type-Conditioned,True,seed_1,IPPO_Coupled_Safety_True,43
18097,-239.32790293041478,-2.908701792664398,2.908701792664398,IPPO,Type-Conditioned,True,seed_1,IPPO_Coupled_Safety_True,43
20104,-242.58334546423623,-2.9145429560021645,2.9145429560021645,IPPO,Type-Conditioned,True,seed_1,IPPO_Coupled_Safety_True,43
22110,-233.23708944342917,-2.9196418896610656,2.9196418896610656,IPPO,Type-Conditioned,True,seed_1,IPPO_Coupled_Safety_True,43
24116,-240.6996346829389,-2.8975137056937954,2.8975137056937954,IPPO,Type-Conditioned,True,seed_1,IPPO_Coupled_Safety_True,43
26122,-239.5332502700836,-2.8617785799586213,2.8617785799586213,IPPO,Type-Conditioned,True,seed_1,IPPO_Coupled_Safety_True,43
28128,-231.39516042541334,-2.8652738839351453,2.8652738839351453,IPPO,Type-Conditioned,True,seed_1,IPPO_Coupled_Safety_True,43
30135,-232.74564420333377,-2.846897456155332,2.846897456155332,IPPO,Type-Conditioned,True,seed_1,IPPO_Coupled_Safety_True,43
32141,-234.60727746484852,-2.8477582717428924,2.8477582717428924,IPPO,Type-Conditioned,True,seed_1,IPPO_Coupled_Safety_True,43
34147,-236.7502126622635,-2.8152883097815766,2.8152883097815766,IPPO,Type-Conditioned,True,seed_1,IPPO_Coupled_Safety_True,43
36153,-237.82721938157258,-2.819699780305586,2.819699780305586,IPPO,Type-Conditioned,True,seed_1,IPPO_Coupled_Safety_True,43
38160,-233.052829022661,-2.798787366864725,2.798787366864725,IPPO,Type-Conditioned,True,seed_1,IPPO_Coupled_Safety_True,43
40166,-242.15202939359446,-2.80185337904909,2.80185337904909,IPPO,Type-Conditioned,True,seed_1,IPPO_Coupled_Safety_True,43
42172,-236.1921587417839,-2.7958430886883354,2.7958430886883354,IPPO,Type-Conditioned,True,seed_1,IPPO_Coupled_Safety_True,43
44178,-241.74945761180555,-2.779563077518895,2.779563077518895,IPPO,Type-Conditioned,True,seed_1,IPPO_Coupled_Safety_True,43
46184,-242.2363398993072,-2.7708374032446637,2.7708374032446637,IPPO,Type-Conditioned,True,seed_1,IPPO_Coupled_Safety_True,43
48191,-243.18748625546468,-2.77413298792605,2.77413298792605,IPPO,Type-Conditioned,True,seed_1,IPPO_Coupled_Safety_True,43
50197,-240.63158119031607,-2.7703565522771587,2.7703565522771587,IPPO,Type-Conditioned,True,seed_1,IPPO_Coupled_Safety_True,43
52203,-245.66170332639518,-2.7712914491156875,2.7712914491156875,IPPO,Type-Conditioned,True,seed_1,IPPO_Coupled_Safety_True,43
54209,-243.16920993046912,-2.7850230826704605,2.7850230826704605,IPPO,Type-Conditioned,True,seed_1,IPPO_Coupled_Safety_True,43
56216,-236.4477799954924,-2.7620845206748674,2.7620845206748674,IPPO,Type-Conditioned,True,seed_1,IPPO_Coupled_Safety_True,43
58222,-241.40128492399472,-2.771857295417145,2.771857295417145,IPPO,Type-Conditioned,True,seed_1,IPPO_Coupled_Safety_True,43
60228,-240.77180577541105,-2.7656201474925006,2.7656201474925006,IPPO,Type-Conditioned,True,seed_1,IPPO_Coupled_Safety_True,43
62234,-242.7544526710479,-2.750851028041526,2.750851028041526,IPPO,Type-Conditioned,True,seed_1,IPPO_Coupled_Safety_True,43
64240,-241.31097507478307,-2.734206658068896,2.734206658068896,IPPO,Type-Conditioned,True,seed_1,IPPO_Coupled_Safety_True,43
66247,-241.33126005496726,-2.7294190192402654,2.7294190192402654,IPPO,Type-Conditioned,True,seed_1,IPPO_Coupled_Safety_True,43
68253,-243.11828780558224,-2.7339983716920786,2.7339983716920786,IPPO,Type-Conditioned,True,seed_1,IPPO_Coupled_Safety_True,43
70259,-241.66180778679689,-2.728979022673834,2.728979022673834,IPPO,Type-Conditioned,True,seed_1,IPPO_Coupled_Safety_True,43
72265,-237.36193007907121,-2.7368117842087076,2.7368117842087076,IPPO,Type-Conditioned,True,seed_1,IPPO_Coupled_Safety_True,43
74272,-238.86539136600453,-2.720889509650819,2.720889509650819,IPPO,Type-Conditioned,True,seed_1,IPPO_Coupled_Safety_True,43
76278,-238.01131755302023,-2.717568534849926,2.717568534849926,IPPO,Type-Conditioned,True,seed_1,IPPO_Coupled_Safety_True,43
78284,-241.8157625502672,-2.706013870920303,2.706013870920303,IPPO,Type-Conditioned,True,seed_1,IPPO_Coupled_Safety_True,43
80290,-244.003582029212,-2.7067337056986918,2.7067337056986918,IPPO,Type-Conditioned,True,seed_1,IPPO_Coupled_Safety_True,43
82296,-242.8268430558948,-2.710067179793305,2.710067179793305,IPPO,Type-Conditioned,True,seed_1,IPPO_Coupled_Safety_True,43
84303,-240.11347274346625,-2.7046410764746147,2.7046410764746147,IPPO,Type-Conditioned,True,seed_1,IPPO_Coupled_Safety_True,43
86309,-240.18178995192872,-2.6881818023301687,2.6881818023301687,IPPO,Type-Conditioned,True,seed_1,IPPO_Coupled_Safety_True,43
88315,-241.3899828313412,-2.6894126570759513,2.6894126570759513,IPPO,Type-Conditioned,True,seed_1,IPPO_Coupled_Safety_True,43
90321,-241.83914716704857,-2.691168193785859,2.691168193785859,IPPO,Type-Conditioned,True,seed_1,IPPO_Coupled_Safety_True,43
92328,-243.84260916163208,-2.6919669138674256,2.6919669138674256,IPPO,Type-Conditioned,True,seed_1,IPPO_Coupled_Safety_True,43
94334,-242.98695435651558,-2.6949980413672963,2.6949980413672963,IPPO,Type-Conditioned,True,seed_1,IPPO_Coupled_Safety_True,43
96340,-242.26660987874976,-2.6893621219613872,2.6893621219613872,IPPO,Type-Conditioned,True,seed_1,IPPO_Coupled_Safety_True,43
98346,-242.99025722578637,-2.689462532593638,2.689462532593638,IPPO,Type-Conditioned,True,seed_1,IPPO_Coupled_Safety_True,43
100353,-243.2498445837181,-2.6874162205970515,2.6874162205970515,IPPO,Type-Conditioned,True,seed_1,IPPO_Coupled_Safety_True,43
2048,-251.11079797619473,-3.00662547369081,3.00662547369081,IPPO,Type-Conditioned,True,seed_2,IPPO_Coupled_Safety_True,43
4054,-248.9648399889661,-2.9801096841862953,2.9801096841862953,IPPO,Type-Conditioned,True,seed_2,IPPO_Coupled_Safety_True,43
6060,-244.14498006753897,-2.9587176992809945,2.9587176992809945,IPPO,Type-Conditioned,True,seed_2,IPPO_Coupled_Safety_True,43
8066,-244.1339911464535,-2.932690199056321,2.932690199056321,IPPO,Type-Conditioned,True,seed_2,IPPO_Coupled_Safety_True,43
10072,-244.2861874716732,-2.9238428547316273,2.9238428547316273,IPPO,Type-Conditioned,True,seed_2,IPPO_Coupled_Safety_True,43
12079,-239.57515991392532,-2.8905746461250117,2.8905746461250117,IPPO,Type-Conditioned,True,seed_2,IPPO_Coupled_Safety_True,43
14085,-240.72124210438338,-2.8681089655073433,2.8681089655073433,IPPO,Type-Conditioned,True,seed_2,IPPO_Coupled_Safety_True,43
16091,-240.41230550067388,-2.8228183645489526,2.8228183645489526,IPPO,Type-Conditioned,True,seed_2,IPPO_Coupled_Safety_True,43
18097,-229.570650172264,-2.7904689630835477,2.7904689630835477,IPPO,Type-Conditioned,True,seed_2,IPPO_Coupled_Safety_True,43
20104,-228.88504631312696,-2.7741213180391973,2.7741213180391973,IPPO,Type-Conditioned,True,seed_2,IPPO_Coupled_Safety_True,43
22110,-217.46421277258105,-2.7596172750976953,2.7596172750976953,IPPO,Type-Conditioned,True,seed_2,IPPO_Coupled_Safety_True,43
24116,-207.6470386137992,-2.730479894307534,2.730479894307534,IPPO,Type-Conditioned,True,seed_2,IPPO_Coupled_Safety_True,43
26122,-208.86162952014263,-2.7060038260237067,2.7060038260237067,IPPO,Type-Conditioned,True,seed_2,IPPO_Coupled_Safety_True,43
28128,-202.7220640208219,-2.6652083896998384,2.6652083896998384,IPPO,Type-Conditioned,True,seed_2,IPPO_Coupled_Safety_True,43
30135,-186.6985144488028,-2.6422273607716873,2.6422273607716873,IPPO,Type-Conditioned,True,seed_2,IPPO_Coupled_Safety_True,43
32141,-182.165049698512,-2.635418796279484,2.635418796279484,IPPO,Type-Conditioned,True,seed_2,IPPO_Coupled_Safety_True,43
34147,-173.91304807235568,-2.623998832741841,2.623998832741841,IPPO,Type-Conditioned,True,seed_2,IPPO_Coupled_Safety_True,43
36153,-160.80106252936724,-2.611526859875105,2.611526859875105,IPPO,Type-Conditioned,True,seed_2,IPPO_Coupled_Safety_True,43
38160,-146.6480612673034,-2.5939674312573664,2.5939674312573664,IPPO,Type-Conditioned,True,seed_2,IPPO_Coupled_Safety_True,43
40166,-137.79934702562784,-2.576781760422231,2.576781760422231,IPPO,Type-Conditioned,True,seed_2,IPPO_Coupled_Safety_True,43
42172,-130.087347946676,-2.553152387079914,2.553152387079914,IPPO,Type-Conditioned,True,seed_2,IPPO_Coupled_Safety_True,43
44178,-113.07007910454486,-2.5460969547725054,2.5460969547725054,IPPO,Type-Conditioned,True,seed_2,IPPO_Coupled_Safety_True,43
46184,-96.19999305030568,-2.535591705624708,2.535591705624708,IPPO,Type-Conditioned,True,seed_2,IPPO_Coupled_Safety_True,43
48191,-84.10634526380386,-2.52588441411133,2.52588441411133,IPPO,Type-Conditioned,True,seed_2,IPPO_Coupled_Safety_True,43
50197,-76.41069679269279,-2.505800880964453,2.505800880964453,IPPO,Type-Conditioned,True,seed_2,IPPO_Coupled_Safety_True,43
52203,-72.23932021287457,-2.4711591813602256,2.4711591813602256,IPPO,Type-Conditioned,True,seed_2,IPPO_Coupled_Safety_True,43
54209,-67.4656563972562,-2.4723419997238185,2.4723419997238185,IPPO,Type-Conditioned,True,seed_2,IPPO_Coupled_Safety_True,43
56216,-57.06196207267092,-2.45697534686074,2.45697534686074,IPPO,Type-Conditioned,True,seed_2,IPPO_Coupled_Safety_True,43
58222,-47.97471461720949,-2.4392121708483394,2.4392121708483394,IPPO,Type-Conditioned,True,seed_2,IPPO_Coupled_Safety_True,43
60228,-36.082315090334134,-2.437282921055992,2.437282921055992,IPPO,Type-Conditioned,True,seed_2,IPPO_Coupled_Safety_True,43
62234,-28.438868092145608,-2.4248423103723833,2.4248423103723833,IPPO,Type-Conditioned,True,seed_2,IPPO_Coupled_Safety_True,43
64240,-29.037690419240043,-2.425846950010515,2.425846950010515,IPPO,Type-Conditioned,True,seed_2,IPPO_Coupled_Safety_True,43
66247,-20.020071404716273,-2.4217917921074528,2.4217917921074528,IPPO,Type-Conditioned,True,seed_2,IPPO_Coupled_Safety_True,43
68253,-19.00195549932525,-2.417790778241034,2.417790778241034,IPPO,Type-Conditioned,True,seed_2,IPPO_Coupled_Safety_True,43
70259,-15.572838056275266,-2.397136166809521,2.397136166809521,IPPO,Type-Conditioned,True,seed_2,IPPO_Coupled_Safety_True,43
72265,-10.36415759421572,-2.39867734021422,2.39867734021422,IPPO,Type-Conditioned,True,seed_2,IPPO_Coupled_Safety_True,43
74272,-0.6766608712525611,-2.391815365582753,2.391815365582753,IPPO,Type-Conditioned,True,seed_2,IPPO_Coupled_Safety_True,43
76278,10.280895086011519,-2.3806303130634343,2.3806303130634343,IPPO,Type-Conditioned,True,seed_2,IPPO_Coupled_Safety_True,43
78284,12.059826658425292,-2.3739247359561575,2.3739247359561575,IPPO,Type-Conditioned,True,seed_2,IPPO_Coupled_Safety_True,43
80290,11.605703632931668,-2.3550618758963906,2.3550618758963906,IPPO,Type-Conditioned,True,seed_2,IPPO_Coupled_Safety_True,43
82296,13.275092509596563,-2.3524107859104118,2.3524107859104118,IPPO,Type-Conditioned,True,seed_2,IPPO_Coupled_Safety_True,43
84303,15.522613355764058,-2.341015133020385,2.341015133020385,IPPO,Type-Conditioned,True,seed_2,IPPO_Coupled_Safety_True,43
86309,14.686229978292607,-2.329481825652327,2.329481825652327,IPPO,Type-Conditioned,True,seed_2,IPPO_Coupled_Safety_True,43
88315,18.49347485096448,-2.3190215082640653,2.3190215082640653,IPPO,Type-Conditioned,True,seed_2,IPPO_Coupled_Safety_True,43
90321,18.3145099497011,-2.3225776005650425,2.3225776005650425,IPPO,Type-Conditioned,True,seed_2,IPPO_Coupled_Safety_True,43
92328,18.657190266038867,-2.3171521278657887,2.3171521278657887,IPPO,Type-Conditioned,True,seed_2,IPPO_Coupled_Safety_True,43
94334,19.08435510807741,-2.320246433455102,2.320246433455102,IPPO,Type-Conditioned,True,seed_2,IPPO_Coupled_Safety_True,43
96340,18.911967964337716,-2.314816357822712,2.314816357822712,IPPO,Type-Conditioned,True,seed_2,IPPO_Coupled_Safety_True,43
98346,18.85159623678277,-2.308199008421789,2.308199008421789,IPPO,Type-Conditioned,True,seed_2,IPPO_Coupled_Safety_True,43
100353,16.712934821822373,-2.309589554777569,2.309589554777569,IPPO,Type-Conditioned,True,seed_2,IPPO_Coupled_Safety_True,43
2048,-240.18521650962995,-3.032543849886417,3.032543849886417,IPPO,Type-Conditioned,True,seed_3,IPPO_Coupled_Safety_True,43
4054,-238.99142615686839,-3.0126725590209036,3.0126725590209036,IPPO,Type-Conditioned,True,seed_3,IPPO_Coupled_Safety_True,43
6060,-236.4987758831186,-2.972933705364806,2.972933705364806,IPPO,Type-Conditioned,True,seed_3,IPPO_Coupled_Safety_True,43
8066,-231.7710106177366,-2.9651932058296895,2.9651932058296895,IPPO,Type-Conditioned,True,seed_3,IPPO_Coupled_Safety_True,43
10072,-226.54010908150607,-2.957627371841915,2.957627371841915,IPPO,Type-Conditioned,True,seed_3,IPPO_Coupled_Safety_True,43
12079,-230.21924320581547,-2.940913948789995,2.940913948789995,IPPO,Type-Conditioned,True,seed_3,IPPO_Coupled_Safety_True,43
14085,-237.33350497571234,-2.940802596644842,2.940802596644842,IPPO,Type-Conditioned,True,seed_3,IPPO_Coupled_Safety_True,43
16091,-239.16837388266512,-2.919929072928901,2.919929072928901,IPPO,Type-Conditioned,True,seed_3,IPPO_Coupled_Safety_True,43
18097,-237.81545131495486,-2.912237471673538,2.912237471673538,IPPO,Type-Conditioned,True,seed_3,IPPO_Coupled_Safety_True,43
20104,-241.80049507584496,-2.883810623408532,2.883810623408532,IPPO,Type-Conditioned,True,seed_3,IPPO_Coupled_Safety_True,43
22110,-244.95434017238517,-2.8707320657741806,2.8707320657741806,IPPO,Type-Conditioned,True,seed_3,IPPO_Coupled_Safety_True,43
24116,-242.21476056889014,-2.8563300342160134,2.8563300342160134,IPPO,Type-Conditioned,True,seed_3,IPPO_Coupled_Safety_True,43
26122,-241.58154083471223,-2.8476952866377885,2.8476952866377885,IPPO,Type-Conditioned,True,seed_3,IPPO_Coupled_Safety_True,43
28128,-240.75213583532872,-2.8318356322720946,2.8318356322720946,IPPO,Type-Conditioned,True,seed_3,IPPO_Coupled_Safety_True,43
30135,-243.15156526647465,-2.819984246305169,2.819984246305169,IPPO,Type-Conditioned,True,seed_3,IPPO_Coupled_Safety_True,43
32141,-243.0414148701037,-2.8201151775517848,2.8201151775517848,IPPO,Type-Conditioned,True,seed_3,IPPO_Coupled_Safety_True,43
34147,-245.55381942183007,-2.804377708318737,2.804377708318737,IPPO,Type-Conditioned,True,seed_3,IPPO_Coupled_Safety_True,43
36153,-240.82372034881098,-2.7764416254264344,2.7764416254264344,IPPO,Type-Conditioned,True,seed_3,IPPO_Coupled_Safety_True,43
38160,-236.53790887400612,-2.78970579468556,2.78970579468556,IPPO,Type-Conditioned,True,seed_3,IPPO_Coupled_Safety_True,43
40166,-243.47681840620768,-2.795934975955378,2.795934975955378,IPPO,Type-Conditioned,True,seed_3,IPPO_Coupled_Safety_True,43
42172,-245.745044357456,-2.770951475409017,2.770951475409017,IPPO,Type-Conditioned,True,seed_3,IPPO_Coupled_Safety_True,43
44178,-249.49050675646342,-2.770161311949156,2.770161311949156,IPPO,Type-Conditioned,True,seed_3,IPPO_Coupled_Safety_True,43
46184,-249.54793299502262,-2.755984813493632,2.755984813493632,IPPO,Type-Conditioned,True,seed_3,IPPO_Coupled_Safety_True,43
48191,-247.67395442669692,-2.751076568543268,2.751076568543268,IPPO,Type-Conditioned,True,seed_3,IPPO_Coupled_Safety_True,43
50197,-250.6416557995327,-2.7464098688737355,2.7464098688737355,IPPO,Type-Conditioned,True,seed_3,IPPO_Coupled_Safety_True,43
52203,-251.2521396154377,-2.73638608697696,2.73638608697696,IPPO,Type-Conditioned,True,seed_3,IPPO_Coupled_Safety_True,43
54209,-251.94913182918384,-2.7217908971661595,2.7217908971661595,IPPO,Type-Conditioned,True,seed_3,IPPO_Coupled_Safety_True,43
56216,-248.73378094849252,-2.709666274099533,2.709666274099533,IPPO,Type-Conditioned,True,seed_3,IPPO_Coupled_Safety_True,43
58222,-246.5960570140614,-2.696695359152776,2.696695359152776,IPPO,Type-Conditioned,True,seed_3,IPPO_Coupled_Safety_True,43
60228,-247.2169326033491,-2.685963118536912,2.685963118536912,IPPO,Type-Conditioned,True,seed_3,IPPO_Coupled_Safety_True,43
62234,-245.1113055202364,-2.6831948429432457,2.6831948429432457,IPPO,Type-Conditioned,True,seed_3,IPPO_Coupled_Safety_True,43
64240,-245.46405254503125,-2.6747245606989853,2.6747245606989853,IPPO,Type-Conditioned,True,seed_3,IPPO_Coupled_Safety_True,43
66247,-244.97380672712308,-2.678889055288156,2.678889055288156,IPPO,Type-Conditioned,True,seed_3,IPPO_Coupled_Safety_True,43
68253,-239.48370576308528,-2.6883553566666962,2.6883553566666962,IPPO,Type-Conditioned,True,seed_3,IPPO_Coupled_Safety_True,43
70259,-236.1175072818645,-2.6792672505341852,2.6792672505341852,IPPO,Type-Conditioned,True,seed_3,IPPO_Coupled_Safety_True,43
72265,-240.04523722960158,-2.677455310534381,2.677455310534381,IPPO,Type-Conditioned,True,seed_3,IPPO_Coupled_Safety_True,43
74272,-238.0346247639689,-2.6773019848734316,2.6773019848734316,IPPO,Type-Conditioned,True,seed_3,IPPO_Coupled_Safety_True,43
76278,-236.5832707702525,-2.6763775334183246,2.6763775334183246,IPPO,Type-Conditioned,True,seed_3,IPPO_Coupled_Safety_True,43
78284,-239.79224363966077,-2.672324687091916,2.672324687091916,IPPO,Type-Conditioned,True,seed_3,IPPO_Coupled_Safety_True,43
80290,-238.13954177630285,-2.6727282522380413,2.6727282522380413,IPPO,Type-Conditioned,True,seed_3,IPPO_Coupled_Safety_True,43
82296,-235.5413965785974,-2.6707670180425858,2.6707670180425858,IPPO,Type-Conditioned,True,seed_3,IPPO_Coupled_Safety_True,43
84303,-238.64673534994225,-2.658582221601403,2.658582221601403,IPPO,Type-Conditioned,True,seed_3,IPPO_Coupled_Safety_True,43
86309,-240.5759991046312,-2.6598481607237567,2.6598481607237567,IPPO,Type-Conditioned,True,seed_3,IPPO_Coupled_Safety_True,43
88315,-238.84152630774577,-2.660159102280244,2.660159102280244,IPPO,Type-Conditioned,True,seed_3,IPPO_Coupled_Safety_True,43
90321,-238.77893214462756,-2.6519768351550144,2.6519768351550144,IPPO,Type-Conditioned,True,seed_3,IPPO_Coupled_Safety_True,43
92328,-238.43470871595042,-2.648522092280931,2.648522092280931,IPPO,Type-Conditioned,True,seed_3,IPPO_Coupled_Safety_True,43
94334,-238.56377195928414,-2.647503932896585,2.647503932896585,IPPO,Type-Conditioned,True,seed_3,IPPO_Coupled_Safety_True,43
96340,-238.75055857754313,-2.6429846533456844,2.6429846533456844,IPPO,Type-Conditioned,True,seed_3,IPPO_Coupled_Safety_True,43
98346,-240.23838954035202,-2.641637644571503,2.641637644571503,IPPO,Type-Conditioned,True,seed_3,IPPO_Coupled_Safety_True,43
100353,-240.20946050876069,-2.6353230546619,2.6353230546619,IPPO,Type-Conditioned,True,seed_3,IPPO_Coupled_Safety_True,43
2048,-243.01200430342084,-3.0288270225296587,3.0288270225296587,IPPO,Type-Conditioned,True,seed_4,IPPO_Coupled_Safety_True,43
4054,-237.21501540745115,-2.9959723178292985,2.9959723178292985,IPPO,Type-Conditioned,True,seed_4,IPPO_Coupled_Safety_True,43
6060,-237.23472682386534,-2.96667945093832,2.96667945093832,IPPO,Type-Conditioned,True,seed_4,IPPO_Coupled_Safety_True,43
8066,-227.15674587657125,-2.9580080612405633,2.9580080612405633,IPPO,Type-Conditioned,True,seed_4,IPPO_Coupled_Safety_True,43
10072,-233.55325517937027,-2.903659635119632,2.903659635119632,IPPO,Type-Conditioned,True,seed_4,IPPO_Coupled_Safety_True,43
12079,-226.71141279602105,-2.875357638071013,2.875357638071013,IPPO,Type-Conditioned,True,seed_4,IPPO_Coupled_Safety_True,43
14085,-227.13739763208085,-2.829250615324491,2.829250615324491,IPPO,Type-Conditioned,True,seed_4,IPPO_Coupled_Safety_True,43
16091,-213.97834629772166,-2.806232163613595,2.806232163613595,IPPO,Type-Conditioned,True,seed_4,IPPO_Coupled_Safety_True,43
18097,-200.7347746957814,-2.7644145411471146,2.7644145411471146,IPPO,Type-Conditioned,True,seed_4,IPPO_Coupled_Safety_True,43
20104,-203.02661296939752,-2.7322681362051036,2.7322681362051036,IPPO,Type-Conditioned,True,seed_4,IPPO_Coupled_Safety_True,43
22110,-202.22776491779027,-2.7036600847411516,2.7036600847411516,IPPO,Type-Conditioned,True,seed_4,IPPO_Coupled_Safety_True,43
24116,-192.8261758126981,-2.6926048986877507,2.6926048986877507,IPPO,Type-Conditioned,True,seed_4,IPPO_Coupled_Safety_True,43
26122,-189.74639647761063,-2.6800229558225674,2.6800229558225674,IPPO,Type-Conditioned,True,seed_4,IPPO_Coupled_Safety_True,43
28128,-183.7180515626527,-2.640486789845355,2.640486789845355,IPPO,Type-Conditioned,True,seed_4,IPPO_Coupled_Safety_True,43
30135,-176.56999008957644,-2.620108953437642,2.620108953437642,IPPO,Type-Conditioned,True,seed_4,IPPO_Coupled_Safety_True,43
32141,-178.06277798650552,-2.5914862062279855,2.5914862062279855,IPPO,Type-Conditioned,True,seed_4,IPPO_Coupled_Safety_True,43
34147,-168.1182005933122,-2.558587705174392,2.558587705174392,IPPO,Type-Conditioned,True,seed_4,IPPO_Coupled_Safety_True,43
36153,-161.11180302933508,-2.5405821470867807,2.5405821470867807,IPPO,Type-Conditioned,True,seed_4,IPPO_Coupled_Safety_True,43
38160,-152.39980968706408,-2.5223494989222077,2.5223494989222077,IPPO,Type-Conditioned,True,seed_4,IPPO_Coupled_Safety_True,43
40166,-134.56366149798657,-2.5355442113059645,2.5355442113059645,IPPO,Type-Conditioned,True,seed_4,IPPO_Coupled_Safety_True,43
42172,-130.12316975318492,-2.5231389272628224,2.5231389272628224,IPPO,Type-Conditioned,True,seed_4,IPPO_Coupled_Safety_True,43
44178,-115.50283428411984,-2.4913607847257655,2.4913607847257655,IPPO,Type-Conditioned,True,seed_4,IPPO_Coupled_Safety_True,43
46184,-106.52478440090994,-2.4713528717491653,2.4713528717491653,IPPO,Type-Conditioned,True,seed_4,IPPO_Coupled_Safety_True,43
48191,-97.47751384942156,-2.469301316790714,2.469301316790714,IPPO,Type-Conditioned,True,seed_4,IPPO_Coupled_Safety_True,43
50197,-84.11667863116573,-2.476891504184999,2.476891504184999,IPPO,Type-Conditioned,True,seed_4,IPPO_Coupled_Safety_True,43
52203,-73.68754370449884,-2.4451104944108377,2.4451104944108377,IPPO,Type-Conditioned,True,seed_4,IPPO_Coupled_Safety_True,43
54209,-63.00901349036309,-2.4139726598573787,2.4139726598573787,IPPO,Type-Conditioned,True,seed_4,IPPO_Coupled_Safety_True,43
56216,-51.669845511891914,-2.422224810563875,2.422224810563875,IPPO,Type-Conditioned,True,seed_4,IPPO_Coupled_Safety_True,43
58222,-46.36987532201275,-2.413983461175101,2.413983461175101,IPPO,Type-Conditioned,True,seed_4,IPPO_Coupled_Safety_True,43
60228,-42.08098434558686,-2.394280826350131,2.394280826350131,IPPO,Type-Conditioned,True,seed_4,IPPO_Coupled_Safety_True,43
62234,-39.349572805878864,-2.3889768939150895,2.3889768939150895,IPPO,Type-Conditioned,True,seed_4,IPPO_Coupled_Safety_True,43
64240,-35.33560727751433,-2.3559185348877962,2.3559185348877962,IPPO,Type-Conditioned,True,seed_4,IPPO_Coupled_Safety_True,43
66247,-18.59251567549344,-2.3494558551708224,2.3494558551708224,IPPO,Type-Conditioned,True,seed_4,IPPO_Coupled_Safety_True,43
68253,-10.488371964226962,-2.3456608821477696,2.3456608821477696,IPPO,Type-Conditioned,True,seed_4,IPPO_Coupled_Safety_True,43
70259,-11.840020534998196,-2.3461529173924567,2.3461529173924567,IPPO,Type-Conditioned,True,seed_4,IPPO_Coupled_Safety_True,43
72265,-12.188335482656841,-2.3306893391510743,2.3306893391510743,IPPO,Type-Conditioned,True,seed_4,IPPO_Coupled_Safety_True,43
74272,-6.55592300705742,-2.325061148144019,2.325061148144019,IPPO,Type-Conditioned,True,seed_4,IPPO_Coupled_Safety_True,43
76278,-1.5889784989575388,-2.3123206194813335,2.3123206194813335,IPPO,Type-Conditioned,True,seed_4,IPPO_Coupled_Safety_True,43
78284,2.6008460871809405,-2.3090231748878534,2.3090231748878534,IPPO,Type-Conditioned,True,seed_4,IPPO_Coupled_Safety_True,43
80290,4.038237465340905,-2.297991677324918,2.297991677324918,IPPO,Type-Conditioned,True,seed_4,IPPO_Coupled_Safety_True,43
82296,5.7799467078681035,-2.2912783914471,2.2912783914471,IPPO,Type-Conditioned,True,seed_4,IPPO_Coupled_Safety_True,43
84303,8.44162273248583,-2.2817266651719295,2.2817266651719295,IPPO,Type-Conditioned,True,seed_4,IPPO_Coupled_Safety_True,43
86309,10.140322632828685,-2.2823799371941043,2.2823799371941043,IPPO,Type-Conditioned,True,seed_4,IPPO_Coupled_Safety_True,43
88315,7.005964711409562,-2.283003736693913,2.283003736693913,IPPO,Type-Conditioned,True,seed_4,IPPO_Coupled_Safety_True,43
90321,8.877175935890968,-2.2774239772355673,2.2774239772355673,IPPO,Type-Conditioned,True,seed_4,IPPO_Coupled_Safety_True,43
92328,9.530380000892666,-2.2734246687455495,2.2734246687455495,IPPO,Type-Conditioned,True,seed_4,IPPO_Coupled_Safety_True,43
94334,11.908025578404237,-2.2642388263811584,2.2642388263811584,IPPO,Type-Conditioned,True,seed_4,IPPO_Coupled_Safety_True,43
96340,17.07075724305338,-2.2608757310259757,2.2608757310259757,IPPO,Type-Conditioned,True,seed_4,IPPO_Coupled_Safety_True,43
98346,17.397028290690983,-2.2587327273353948,2.2587327273353948,IPPO,Type-Conditioned,True,seed_4,IPPO_Coupled_Safety_True,43
100353,16.714931039699408,-2.2585686619053864,2.2585686619053864,IPPO,Type-Conditioned,True,seed_4,IPPO_Coupled_Safety_True,43
2048,-241.3273598112394,-3.0254685490880857,3.0254685490880857,IPPO,Blind,True,seed_0,IPPO_Blind_Coupled_Safety_True,44
4054,-240.90218121789232,-2.995615269862955,2.995615269862955,IPPO,Blind,True,seed_0,IPPO_Blind_Coupled_Safety_True,44
6060,-233.93879020988328,-2.978476782063236,2.978476782063236,IPPO,Blind,True,seed_0,IPPO_Blind_Coupled_Safety_True,44
8066,-234.52126627815846,-2.9638541141065886,2.9638541141065886,IPPO,Blind,True,seed_0,IPPO_Blind_Coupled_Safety_True,44
10072,-234.9332237585159,-2.945547795237222,2.945547795237222,IPPO,Blind,True,seed_0,IPPO_Blind_Coupled_Safety_True,44
12079,-237.20083833186342,-2.929325164517872,2.929325164517872,IPPO,Blind,True,seed_0,IPPO_Blind_Coupled_Safety_True,44
14085,-233.5546167383665,-2.9319713284388342,2.9319713284388342,IPPO,Blind,True,seed_0,IPPO_Blind_Coupled_Safety_True,44
16091,-231.1928329795154,-2.924057686201624,2.924057686201624,IPPO,Blind,True,seed_0,IPPO_Blind_Coupled_Safety_True,44
18097,-236.54080447106708,-2.903928490423354,2.903928490423354,IPPO,Blind,True,seed_0,IPPO_Blind_Coupled_Safety_True,44
20104,-243.70139959081436,-2.89453022064362,2.89453022064362,IPPO,Blind,True,seed_0,IPPO_Blind_Coupled_Safety_True,44
22110,-244.85965205526105,-2.8596453739392866,2.8596453739392866,IPPO,Blind,True,seed_0,IPPO_Blind_Coupled_Safety_True,44
24116,-248.17946583284044,-2.846044346535755,2.846044346535755,IPPO,Blind,True,seed_0,IPPO_Blind_Coupled_Safety_True,44
26122,-247.875544271033,-2.850287430117785,2.850287430117785,IPPO,Blind,True,seed_0,IPPO_Blind_Coupled_Safety_True,44
28128,-242.50021963913105,-2.8276010902977307,2.8276010902977307,IPPO,Blind,True,seed_0,IPPO_Blind_Coupled_Safety_True,44
30135,-244.7579809969739,-2.799112869221341,2.799112869221341,IPPO,Blind,True,seed_0,IPPO_Blind_Coupled_Safety_True,44
32141,-244.95285817326018,-2.7756644396619894,2.7756644396619894,IPPO,Blind,True,seed_0,IPPO_Blind_Coupled_Safety_True,44
34147,-244.70176039264115,-2.7491780622144266,2.7491780622144266,IPPO,Blind,True,seed_0,IPPO_Blind_Coupled_Safety_True,44
36153,-241.5471770917005,-2.728823902823445,2.728823902823445,IPPO,Blind,True,seed_0,IPPO_Blind_Coupled_Safety_True,44
38160,-250.290212008558,-2.7149729622679457,2.7149729622679457,IPPO,Blind,True,seed_0,IPPO_Blind_Coupled_Safety_True,44
40166,-251.29746403614402,-2.690496254456396,2.690496254456396,IPPO,Blind,True,seed_0,IPPO_Blind_Coupled_Safety_True,44
42172,-249.14816889386256,-2.6841877127534763,2.6841877127534763,IPPO,Blind,True,seed_0,IPPO_Blind_Coupled_Safety_True,44
44178,-243.9589934533249,-2.6873513025054763,2.6873513025054763,IPPO,Blind,True,seed_0,IPPO_Blind_Coupled_Safety_True,44
46184,-245.55568740561208,-2.669869793167667,2.669869793167667,IPPO,Blind,True,seed_0,IPPO_Blind_Coupled_Safety_True,44
48191,-251.37598541182103,-2.6792766792317204,2.6792766792317204,IPPO,Blind,True,seed_0,IPPO_Blind_Coupled_Safety_True,44
50197,-247.71394370375168,-2.6759928068865384,2.6759928068865384,IPPO,Blind,True,seed_0,IPPO_Blind_Coupled_Safety_True,44
52203,-248.77162646839582,-2.6774279461484096,2.6774279461484096,IPPO,Blind,True,seed_0,IPPO_Blind_Coupled_Safety_True,44
54209,-251.2530638885298,-2.6611777839569877,2.6611777839569877,IPPO,Blind,True,seed_0,IPPO_Blind_Coupled_Safety_True,44
56216,-251.3596700574975,-2.661004800770419,2.661004800770419,IPPO,Blind,True,seed_0,IPPO_Blind_Coupled_Safety_True,44
58222,-250.01163998560986,-2.641775403248304,2.641775403248304,IPPO,Blind,True,seed_0,IPPO_Blind_Coupled_Safety_True,44
60228,-250.07616094608812,-2.642832252359242,2.642832252359242,IPPO,Blind,True,seed_0,IPPO_Blind_Coupled_Safety_True,44
62234,-254.57495590925697,-2.636474203264756,2.636474203264756,IPPO,Blind,True,seed_0,IPPO_Blind_Coupled_Safety_True,44
64240,-249.3145271450918,-2.6336085782826375,2.6336085782826375,IPPO,Blind,True,seed_0,IPPO_Blind_Coupled_Safety_True,44
66247,-244.09552519723647,-2.6158583459846425,2.6158583459846425,IPPO,Blind,True,seed_0,IPPO_Blind_Coupled_Safety_True,44
68253,-241.60638853400184,-2.6026404281534012,2.6026404281534012,IPPO,Blind,True,seed_0,IPPO_Blind_Coupled_Safety_True,44
70259,-244.15509595564058,-2.602765730091583,2.602765730091583,IPPO,Blind,True,seed_0,IPPO_Blind_Coupled_Safety_True,44
72265,-243.729538934479,-2.5903611122685053,2.5903611122685053,IPPO,Blind,True,seed_0,IPPO_Blind_Coupled_Safety_True,44
74272,-242.85753570895864,-2.5898884781964338,2.5898884781964338,IPPO,Blind,True,seed_0,IPPO_Blind_Coupled_Safety_True,44
76278,-240.7432386329334,-2.575902231929904,2.575902231929904,IPPO,Blind,True,seed_0,IPPO_Blind_Coupled_Safety_True,44
78284,-238.9391622362766,-2.5789380649668807,2.5789380649668807,IPPO,Blind,True,seed_0,IPPO_Blind_Coupled_Safety_True,44
80290,-240.45454485163364,-2.5673190876619616,2.5673190876619616,IPPO,Blind,True,seed_0,IPPO_Blind_Coupled_Safety_True,44
82296,-239.92010071390922,-2.568400934633039,2.568400934633039,IPPO,Blind,True,seed_0,IPPO_Blind_Coupled_Safety_True,44
84303,-238.78358117122124,-2.569045581387633,2.569045581387633,IPPO,Blind,True,seed_0,IPPO_Blind_Coupled_Safety_True,44
86309,-236.20379534396585,-2.561716860833775,2.561716860833775,IPPO,Blind,True,seed_0,IPPO_Blind_Coupled_Safety_True,44
88315,-235.61032223879937,-2.5618589586290086,2.5618589586290086,IPPO,Blind,True,seed_0,IPPO_Blind_Coupled_Safety_True,44
90321,-235.14362652960244,-2.559740088675995,2.559740088675995,IPPO,Blind,True,seed_0,IPPO_Blind_Coupled_Safety_True,44
92328,-235.86923717136403,-2.554105394173856,2.554105394173856,IPPO,Blind,True,seed_0,IPPO_Blind_Coupled_Safety_True,44
94334,-234.95414522456775,-2.547776922653329,2.547776922653329,IPPO,Blind,True,seed_0,IPPO_Blind_Coupled_Safety_True,44
96340,-235.64474303526444,-2.54044374574907,2.54044374574907,IPPO,Blind,True,seed_0,IPPO_Blind_Coupled_Safety_True,44
98346,-237.27294453275377,-2.5416866601764685,2.5416866601764685,IPPO,Blind,True,seed_0,IPPO_Blind_Coupled_Safety_True,44
100353,-238.2307422585081,-2.5439253171625733,2.5439253171625733,IPPO,Blind,True,seed_0,IPPO_Blind_Coupled_Safety_True,44
2048,-238.55656290107734,-3.033463117697321,3.033463117697321,IPPO,Blind,True,seed_1,IPPO_Blind_Coupled_Safety_True,44
4054,-240.505379455068,-3.0120630332031,3.0120630332031,IPPO,Blind,True,seed_1,IPPO_Blind_Coupled_Safety_True,44
6060,-242.19376459179531,-2.970990070416683,2.970990070416683,IPPO,Blind,True,seed_1,IPPO_Blind_Coupled_Safety_True,44
8066,-238.83697114139446,-2.9728166233474154,2.9728166233474154,IPPO,Blind,True,seed_1,IPPO_Blind_Coupled_Safety_True,44
10072,-237.88844835488615,-2.9376887792253066,2.9376887792253066,IPPO,Blind,True,seed_1,IPPO_Blind_Coupled_Safety_True,44
12079,-237.21532223216303,-2.9078948319418774,2.9078948319418774,IPPO,Blind,True,seed_1,IPPO_Blind_Coupled_Safety_True,44
14085,-236.02589594730017,-2.889204172984365,2.889204172984365,IPPO,Blind,True,seed_1,IPPO_Blind_Coupled_Safety_True,44
16091,-243.5815168758015,-2.887096581897813,2.887096581897813,IPPO,Blind,True,seed_1,IPPO_Blind_Coupled_Safety_True,44
18097,-240.0202115702192,-2.8741821998025663,2.8741821998025663,IPPO,Blind,True,seed_1,IPPO_Blind_Coupled_Safety_True,44
20104,-237.76607580249473,-2.8555250531725687,2.8555250531725687,IPPO,Blind,True,seed_1,IPPO_Blind_Coupled_Safety_True,44
22110,-242.6224582738185,-2.8382869212213713,2.8382869212213713,IPPO,Blind,True,seed_1,IPPO_Blind_Coupled_Safety_True,44
24116,-243.37864070132792,-2.816460898641714,2.816460898641714,IPPO,Blind,True,seed_1,IPPO_Blind_Coupled_Safety_True,44
26122,-243.1547887190245,-2.802427358520356,2.802427358520356,IPPO,Blind,True,seed_1,IPPO_Blind_Coupled_Safety_True,44
28128,-243.33606061664645,-2.751055602168136,2.751055602168136,IPPO,Blind,True,seed_1,IPPO_Blind_Coupled_Safety_True,44
30135,-241.65255471754597,-2.7324762760275076,2.7324762760275076,IPPO,Blind,True,seed_1,IPPO_Blind_Coupled_Safety_True,44
32141,-236.11292717307353,-2.72153800739464,2.72153800739464,IPPO,Blind,True,seed_1,IPPO_Blind_Coupled_Safety_True,44
34147,-233.02004856032113,-2.69452536652645,2.69452536652645,IPPO,Blind,True,seed_1,IPPO_Blind_Coupled_Safety_True,44
36153,-239.43155917523933,-2.6878690454898715,2.6878690454898715,IPPO,Blind,True,seed_1,IPPO_Blind_Coupled_Safety_True,44
38160,-237.47318565842215,-2.6742355889387563,2.6742355889387563,IPPO,Blind,True,seed_1,IPPO_Blind_Coupled_Safety_True,44
40166,-233.3818685733237,-2.683264803176513,2.683264803176513,IPPO,Blind,True,seed_1,IPPO_Blind_Coupled_Safety_True,44
42172,-233.4655758247103,-2.687734356255873,2.687734356255873,IPPO,Blind,True,seed_1,IPPO_Blind_Coupled_Safety_True,44
44178,-231.10320155470427,-2.668356346001508,2.668356346001508,IPPO,Blind,True,seed_1,IPPO_Blind_Coupled_Safety_True,44
46184,-226.1199878173844,-2.6540819580949644,2.6540819580949644,IPPO,Blind,True,seed_1,IPPO_Blind_Coupled_Safety_True,44
48191,-225.51763317208778,-2.641674481920364,2.641674481920364,IPPO,Blind,True,seed_1,IPPO_Blind_Coupled_Safety_True,44
50197,-227.61661754575067,-2.6262678488114872,2.6262678488114872,IPPO,Blind,True,seed_1,IPPO_Blind_Coupled_Safety_True,44
52203,-226.7532656023033,-2.618690856079321,2.618690856079321,IPPO,Blind,True,seed_1,IPPO_Blind_Coupled_Safety_True,44
54209,-228.93680236492958,-2.602017843162773,2.602017843162773,IPPO,Blind,True,seed_1,IPPO_Blind_Coupled_Safety_True,44
56216,-231.05164512661932,-2.5835075495700517,2.5835075495700517,IPPO,Blind,True,seed_1,IPPO_Blind_Coupled_Safety_True,44
58222,-233.8536195544466,-2.5834648996305773,2.5834648996305773,IPPO,Blind,True,seed_1,IPPO_Blind_Coupled_Safety_True,44
60228,-230.44843342083607,-2.5826568925550624,2.5826568925550624,IPPO,Blind,True,seed_1,IPPO_Blind_Coupled_Safety_True,44
62234,-234.6114450792332,-2.568422299277834,2.568422299277834,IPPO,Blind,True,seed_1,IPPO_Blind_Coupled_Safety_True,44
64240,-231.32991098910964,-2.570443010690752,2.570443010690752,IPPO,Blind,True,seed_1,IPPO_Blind_Coupled_Safety_True,44
66247,-231.59807283179163,-2.558514313424743,2.558514313424743,IPPO,Blind,True,seed_1,IPPO_Blind_Coupled_Safety_True,44
68253,-236.80563299946303,-2.555079216408886,2.555079216408886,IPPO,Blind,True,seed_1,IPPO_Blind_Coupled_Safety_True,44
70259,-236.33434155279485,-2.5559740484911773,2.5559740484911773,IPPO,Blind,True,seed_1,IPPO_Blind_Coupled_Safety_True,44
72265,-242.01278128110047,-2.549441353554608,2.549441353554608,IPPO,Blind,True,seed_1,IPPO_Blind_Coupled_Safety_True,44
74272,-239.8680187276157,-2.5469279572015493,2.5469279572015493,IPPO,Blind,True,seed_1,IPPO_Blind_Coupled_Safety_True,44
76278,-237.620086646339,-2.537272173491141,2.537272173491141,IPPO,Blind,True,seed_1,IPPO_Blind_Coupled_Safety_True,44
78284,-239.12479605785586,-2.5309035274503016,2.5309035274503016,IPPO,Blind,True,seed_1,IPPO_Blind_Coupled_Safety_True,44
80290,-238.74723540418194,-2.525035794109206,2.525035794109206,IPPO,Blind,True,seed_1,IPPO_Blind_Coupled_Safety_True,44
82296,-234.8571000043728,-2.516390856744078,2.516390856744078,IPPO,Blind,True,seed_1,IPPO_Blind_Coupled_Safety_True,44
84303,-236.6055560898507,-2.512258654954051,2.512258654954051,IPPO,Blind,True,seed_1,IPPO_Blind_Coupled_Safety_True,44
86309,-238.85340182732946,-2.5010632569660634,2.5010632569660634,IPPO,Blind,True,seed_1,IPPO_Blind_Coupled_Safety_True,44
88315,-236.3567402546477,-2.497367451873309,2.497367451873309,IPPO,Blind,True,seed_1,IPPO_Blind_Coupled_Safety_True,44
90321,-233.97663132122682,-2.4951702351668827,2.4951702351668827,IPPO,Blind,True,seed_1,IPPO_Blind_Coupled_Safety_True,44
92328,-235.11831700763742,-2.493348800322797,2.493348800322797,IPPO,Blind,True,seed_1,IPPO_Blind_Coupled_Safety_True,44
94334,-234.88143375362992,-2.4918358629789403,2.4918358629789403,IPPO,Blind,True,seed_1,IPPO_Blind_Coupled_Safety_True,44
96340,-234.75014876911592,-2.491156709018501,2.491156709018501,IPPO,Blind,True,seed_1,IPPO_Blind_Coupled_Safety_True,44
98346,-236.6997033013813,-2.491761528432067,2.491761528432067,IPPO,Blind,True,seed_1,IPPO_Blind_Coupled_Safety_True,44
100353,-238.2570370674843,-2.4920965535175323,2.4920965535175323,IPPO,Blind,True,seed_1,IPPO_Blind_Coupled_Safety_True,44
2048,-250.238460380706,-3.0108901037725606,3.0108901037725606,IPPO,Blind,True,seed_2,IPPO_Blind_Coupled_Safety_True,44
4054,-249.84139544751093,-2.963242350531032,2.963242350531032,IPPO,Blind,True,seed_2,IPPO_Blind_Coupled_Safety_True,44
6060,-248.07353937721118,-2.9488082772806314,2.9488082772806314,IPPO,Blind,True,seed_2,IPPO_Blind_Coupled_Safety_True,44
8066,-248.19520669523567,-2.928529217353721,2.928529217353721,IPPO,Blind,True,seed_2,IPPO_Blind_Coupled_Safety_True,44
10072,-250.30090173430412,-2.915283639000543,2.915283639000543,IPPO,Blind,True,seed_2,IPPO_Blind_Coupled_Safety_True,44
12079,-246.44246384039818,-2.868005438261231,2.868005438261231,IPPO,Blind,True,seed_2,IPPO_Blind_Coupled_Safety_True,44
14085,-238.83180291117182,-2.8297930296560176,2.8297930296560176,IPPO,Blind,True,seed_2,IPPO_Blind_Coupled_Safety_True,44
16091,-229.33668938472434,-2.7695607381495724,2.7695607381495724,IPPO,Blind,True,seed_2,IPPO_Blind_Coupled_Safety_True,44
18097,-226.45353269739343,-2.753529538328558,2.753529538328558,IPPO,Blind,True,seed_2,IPPO_Blind_Coupled_Safety_True,44
20104,-221.95605139349723,-2.7025153178734045,2.7025153178734045,IPPO,Blind,True,seed_2,IPPO_Blind_Coupled_Safety_True,44
22110,-219.4108034091843,-2.673291686372895,2.673291686372895,IPPO,Blind,True,seed_2,IPPO_Blind_Coupled_Safety_True,44
24116,-211.15879666089808,-2.628809782153989,2.628809782153989,IPPO,Blind,True,seed_2,IPPO_Blind_Coupled_Safety_True,44
26122,-206.81061466390503,-2.5941936022187497,2.5941936022187497,IPPO,Blind,True,seed_2,IPPO_Blind_Coupled_Safety_True,44
28128,-194.42528344177103,-2.5588468534404445,2.5588468534404445,IPPO,Blind,True,seed_2,IPPO_Blind_Coupled_Safety_True,44
30135,-193.9317001415375,-2.528815185037122,2.528815185037122,IPPO,Blind,True,seed_2,IPPO_Blind_Coupled_Safety_True,44
32141,-184.60307435385624,-2.5015159322105163,2.5015159322105163,IPPO,Blind,True,seed_2,IPPO_Blind_Coupled_Safety_True,44
34147,-171.87254413326914,-2.4757520843091796,2.4757520843091796,IPPO,Blind,True,seed_2,IPPO_Blind_Coupled_Safety_True,44
36153,-160.0565875152348,-2.4674334274481295,2.4674334274481295,IPPO,Blind,True,seed_2,IPPO_Blind_Coupled_Safety_True,44
38160,-137.0005462067473,-2.4361910413652583,2.4361910413652583,IPPO,Blind,True,seed_2,IPPO_Blind_Coupled_Safety_True,44
40166,-127.00157238870072,-2.42227678830002,2.42227678830002,IPPO,Blind,True,seed_2,IPPO_Blind_Coupled_Safety_True,44
42172,-122.87971624229564,-2.4193584645978383,2.4193584645978383,IPPO,Blind,True,seed_2,IPPO_Blind_Coupled_Safety_True,44
44178,-113.5663640897901,-2.3962499686540095,2.3962499686540095,IPPO,Blind,True,seed_2,IPPO_Blind_Coupled_Safety_True,44
46184,-111.29869747624346,-2.372566215881256,2.372566215881256,IPPO,Blind,True,seed_2,IPPO_Blind_Coupled_Safety_True,44
48191,-100.4634559368887,-2.3557311544580566,2.3557311544580566,IPPO,Blind,True,seed_2,IPPO_Blind_Coupled_Safety_True,44
50197,-93.13249777656847,-2.3540835301066414,2.3540835301066414,IPPO,Blind,True,seed_2,IPPO_Blind_Coupled_Safety_True,44
52203,-78.60704544651009,-2.341127869961437,2.341127869961437,IPPO,Blind,True,seed_2,IPPO_Blind_Coupled_Safety_True,44
54209,-71.33363153920727,-2.3214252020447605,2.3214252020447605,IPPO,Blind,True,seed_2,IPPO_Blind_Coupled_Safety_True,44
56216,-62.4922405891741,-2.312902425820782,2.312902425820782,IPPO,Blind,True,seed_2,IPPO_Blind_Coupled_Safety_True,44
58222,-56.16752088307652,-2.2893531375612137,2.2893531375612137,IPPO,Blind,True,seed_2,IPPO_Blind_Coupled_Safety_True,44
60228,-41.313309390335746,-2.2843354003900136,2.2843354003900136,IPPO,Blind,True,seed_2,IPPO_Blind_Coupled_Safety_True,44
62234,-36.00405032368138,-2.2762286782934287,2.2762286782934287,IPPO,Blind,True,seed_2,IPPO_Blind_Coupled_Safety_True,44
64240,-23.43691229012768,-2.261807098145232,2.261807098145232,IPPO,Blind,True,seed_2,IPPO_Blind_Coupled_Safety_True,44
66247,-16.301335723930777,-2.2439317386487967,2.2439317386487967,IPPO,Blind,True,seed_2,IPPO_Blind_Coupled_Safety_True,44
68253,-11.15431062158211,-2.2273658755448733,2.2273658755448733,IPPO,Blind,True,seed_2,IPPO_Blind_Coupled_Safety_True,44
70259,-6.917780427249759,-2.2236063607449177,2.2236063607449177,IPPO,Blind,True,seed_2,IPPO_Blind_Coupled_Safety_True,44
72265,-3.034340431816373,-2.224515548045886,2.224515548045886,IPPO,Blind,True,seed_2,IPPO_Blind_Coupled_Safety_True,44
74272,-6.423124483298538,-2.2102254039639058,2.2102254039639058,IPPO,Blind,True,seed_2,IPPO_Blind_Coupled_Safety_True,44
76278,-3.821814941780902,-2.2050285205787965,2.2050285205787965,IPPO,Blind,True,seed_2,IPPO_Blind_Coupled_Safety_True,44
78284,1.6533749598808498,-2.182334914143216,2.182334914143216,IPPO,Blind,True,seed_2,IPPO_Blind_Coupled_Safety_True,44
80290,3.8318556867792326,-2.172631179624741,2.172631179624741,IPPO,Blind,True,seed_2,IPPO_Blind_Coupled_Safety_True,44
82296,2.48141213660508,-2.16718221353609,2.16718221353609,IPPO,Blind,True,seed_2,IPPO_Blind_Coupled_Safety_True,44
84303,5.012872405790403,-2.1567158216904305,2.1567158216904305,IPPO,Blind,True,seed_2,IPPO_Blind_Coupled_Safety_True,44
86309,11.011599605210172,-2.147395928346811,2.147395928346811,IPPO,Blind,True,seed_2,IPPO_Blind_Coupled_Safety_True,44
88315,14.609964264796993,-2.1406522704948783,2.1406522704948783,IPPO,Blind,True,seed_2,IPPO_Blind_Coupled_Safety_True,44
90321,14.876005249803775,-2.1390686000166137,2.1390686000166137,IPPO,Blind,True,seed_2,IPPO_Blind_Coupled_Safety_True,44
92328,16.878183687209365,-2.134930412164524,2.134930412164524,IPPO,Blind,True,seed_2,IPPO_Blind_Coupled_Safety_True,44
94334,16.35844047662684,-2.1237778035049395,2.1237778035049395,IPPO,Blind,True,seed_2,IPPO_Blind_Coupled_Safety_True,44
96340,14.627622639651094,-2.1166307617377584,2.1166307617377584,IPPO,Blind,True,seed_2,IPPO_Blind_Coupled_Safety_True,44
98346,14.923335235843671,-2.1167395023027753,2.1167395023027753,IPPO,Blind,True,seed_2,IPPO_Blind_Coupled_Safety_True,44
100353,16.713980820431445,-2.1239039743383255,2.1239039743383255,IPPO,Blind,True,seed_2,IPPO_Blind_Coupled_Safety_True,44
2048,-254.62831770949998,-3.0059402906104618,3.0059402906104618,IPPO,Blind,True,seed_3,IPPO_Blind_Coupled_Safety_True,44
4054,-244.10548602634339,-2.9406644539829503,2.9406644539829503,IPPO,Blind,True,seed_3,IPPO_Blind_Coupled_Safety_True,44
6060,-244.91383141971704,-2.8978334109351183,2.8978334109351183,IPPO,Blind,True,seed_3,IPPO_Blind_Coupled_Safety_True,44
8066,-240.52735619952068,-2.8763022943779886,2.8763022943779886,IPPO,Blind,True,seed_3,IPPO_Blind_Coupled_Safety_True,44
10072,-237.4654025705669,-2.834099568643429,2.834099568643429,IPPO,Blind,True,seed_3,IPPO_Blind_Coupled_Safety_True,44
12079,-246.3595436221302,-2.809195618629023,2.809195618629023,IPPO,Blind,True,seed_3,IPPO_Blind_Coupled_Safety_True,44
14085,-236.83362895903593,-2.773274131766963,2.773274131766963,IPPO,Blind,True,seed_3,IPPO_Blind_Coupled_Safety_True,44
16091,-230.9136331071208,-2.745909478252898,2.745909478252898,IPPO,Blind,True,seed_3,IPPO_Blind_Coupled_Safety_True,44
18097,-223.30235394459618,-2.7000626220524357,2.7000626220524357,IPPO,Blind,True,seed_3,IPPO_Blind_Coupled_Safety_True,44
20104,-198.07769152347166,-2.6735628179283215,2.6735628179283215,IPPO,Blind,True,seed_3,IPPO_Blind_Coupled_Safety_True,44
22110,-207.060101760189,-2.608823522733574,2.608823522733574,IPPO,Blind,True,seed_3,IPPO_Blind_Coupled_Safety_True,44
24116,-193.33967877111598,-2.585780416800714,2.585780416800714,IPPO,Blind,True,seed_3,IPPO_Blind_Coupled_Safety_True,44
26122,-190.58490434385803,-2.5455528164205212,2.5455528164205212,IPPO,Blind,True,seed_3,IPPO_Blind_Coupled_Safety_True,44
28128,-183.63612920922216,-2.543273323555704,2.543273323555704,IPPO,Blind,True,seed_3,IPPO_Blind_Coupled_Safety_True,44
30135,-177.67006994206756,-2.533746511548949,2.533746511548949,IPPO,Blind,True,seed_3,IPPO_Blind_Coupled_Safety_True,44
32141,-172.59443667350703,-2.5195600268706677,2.5195600268706677,IPPO,Blind,True,seed_3,IPPO_Blind_Coupled_Safety_True,44
34147,-167.0322290141907,-2.5174866107382794,2.5174866107382794,IPPO,Blind,True,seed_3,IPPO_Blind_Coupled_Safety_True,44
36153,-156.1873254234013,-2.485032856798152,2.485032856798152,IPPO,Blind,True,seed_3,IPPO_Blind_Coupled_Safety_True,44
38160,-153.70064987733036,-2.485778783685931,2.485778783685931,IPPO,Blind,True,seed_3,IPPO_Blind_Coupled_Safety_True,44
40166,-139.27701509679278,-2.475216169756079,2.475216169756079,IPPO,Blind,True,seed_3,IPPO_Blind_Coupled_Safety_True,44
42172,-130.73116627337575,-2.4513529159482936,2.4513529159482936,IPPO,Blind,True,seed_3,IPPO_Blind_Coupled_Safety_True,44
44178,-124.85835727787247,-2.443867410858536,2.443867410858536,IPPO,Blind,True,seed_3,IPPO_Blind_Coupled_Safety_True,44
46184,-115.19443174652034,-2.4118540262657464,2.4118540262657464,IPPO,Blind,True,seed_3,IPPO_Blind_Coupled_Safety_True,44
48191,-98.41011381328836,-2.3857948016358663,2.3857948016358663,IPPO,Blind,True,seed_3,IPPO_Blind_Coupled_Safety_True,44
50197,-90.60824899347722,-2.364180028506102,2.364180028506102,IPPO,Blind,True,seed_3,IPPO_Blind_Coupled_Safety_True,44
52203,-79.11203895333504,-2.3450312249380847,2.3450312249380847,IPPO,Blind,True,seed_3,IPPO_Blind_Coupled_Safety_True,44
54209,-72.71432889496786,-2.322120727258581,2.322120727258581,IPPO,Blind,True,seed_3,IPPO_Blind_Coupled_Safety_True,44
56216,-60.474305257831624,-2.3230728618079555,2.3230728618079555,IPPO,Blind,True,seed_3,IPPO_Blind_Coupled_Safety_True,44
58222,-49.79918854970801,-2.308531800180882,2.308531800180882,IPPO,Blind,True,seed_3,IPPO_Blind_Coupled_Safety_True,44
60228,-35.98654539434537,-2.3004317475599754,2.3004317475599754,IPPO,Blind,True,seed_3,IPPO_Blind_Coupled_Safety_True,44
62234,-31.373851291271013,-2.2840217943621948,2.2840217943621948,IPPO,Blind,True,seed_3,IPPO_Blind_Coupled_Safety_True,44
64240,-23.903943045050024,-2.258145205070454,2.258145205070454,IPPO,Blind,True,seed_3,IPPO_Blind_Coupled_Safety_True,44
66247,-19.193750721541033,-2.2528893354269464,2.2528893354269464,IPPO,Blind,True,seed_3,IPPO_Blind_Coupled_Safety_True,44
68253,-10.883301236678223,-2.2295054869367332,2.2295054869367332,IPPO,Blind,True,seed_3,IPPO_Blind_Coupled_Safety_True,44
70259,-10.2221232336225,-2.2235761466222757,2.2235761466222757,IPPO,Blind,True,seed_3,IPPO_Blind_Coupled_Safety_True,44
72265,-4.640553858901805,-2.2076767239743984,2.2076767239743984,IPPO,Blind,True,seed_3,IPPO_Blind_Coupled_Safety_True,44
74272,-2.6355437259773216,-2.218248282236535,2.218248282236535,IPPO,Blind,True,seed_3,IPPO_Blind_Coupled_Safety_True,44
76278,-0.27265608225958454,-2.2181207604453794,2.2181207604453794,IPPO,Blind,True,seed_3,IPPO_Blind_Coupled_Safety_True,44
78284,2.3617984499514857,-2.2113686759889273,2.2113686759889273,IPPO,Blind,True,seed_3,IPPO_Blind_Coupled_Safety_True,44
80290,5.136542037183715,-2.2121833074242088,2.2121833074242088,IPPO,Blind,True,seed_3,IPPO_Blind_Coupled_Safety_True,44
82296,6.636407154492195,-2.198625704146178,2.198625704146178,IPPO,Blind,True,seed_3,IPPO_Blind_Coupled_Safety_True,44
84303,8.826399986154994,-2.1947009121579204,2.1947009121579204,IPPO,Blind,True,seed_3,IPPO_Blind_Coupled_Safety_True,44
86309,13.652275440508598,-2.188470087828666,2.188470087828666,IPPO,Blind,True,seed_3,IPPO_Blind_Coupled_Safety_True,44
88315,16.083132795073176,-2.1826443938703712,2.1826443938703712,IPPO,Blind,True,seed_3,IPPO_Blind_Coupled_Safety_True,44
90321,17.67674174143371,-2.1814025247169035,2.1814025247169035,IPPO,Blind,True,seed_3,IPPO_Blind_Coupled_Safety_True,44
92328,16.629916406356667,-2.1764933937817066,2.1764933937817066,IPPO,Blind,True,seed_3,IPPO_Blind_Coupled_Safety_True,44
94334,15.442816359409445,-2.1694019534031694,2.1694019534031694,IPPO,Blind,True,seed_3,IPPO_Blind_Coupled_Safety_True,44
96340,17.092576540338083,-2.1567258636256748,2.1567258636256748,IPPO,Blind,True,seed_3,IPPO_Blind_Coupled_Safety_True,44
98346,17.829243456755,-2.148983597075049,2.148983597075049,IPPO,Blind,True,seed_3,IPPO_Blind_Coupled_Safety_True,44
100353,16.7128550152949,-2.145008094715451,2.145008094715451,IPPO,Blind,True,seed_3,IPPO_Blind_Coupled_Safety_True,44
2048,-227.86963915816878,-3.0119008308045596,3.0119008308045596,IPPO,Blind,True,seed_4,IPPO_Blind_Coupled_Safety_True,44
4054,-219.86706312592557,-2.9694326054242848,2.9694326054242848,IPPO,Blind,True,seed_4,IPPO_Blind_Coupled_Safety_True,44
6060,-217.94028727135637,-2.918342876265117,2.918342876265117,IPPO,Blind,True,seed_4,IPPO_Blind_Coupled_Safety_True,44
8066,-218.62378983984055,-2.8815909603301084,2.8815909603301084,IPPO,Blind,True,seed_4,IPPO_Blind_Coupled_Safety_True,44
10072,-219.92305728966318,-2.8528613699932635,2.8528613699932635,IPPO,Blind,True,seed_4,IPPO_Blind_Coupled_Safety_True,44
12079,-224.05976898600534,-2.7871616569597712,2.7871616569597712,IPPO,Blind,True,seed_4,IPPO_Blind_Coupled_Safety_True,44
14085,-220.81457986637332,-2.7700295868429006,2.7700295868429006,IPPO,Blind,True,seed_4,IPPO_Blind_Coupled_Safety_True,44
16091,-216.10295809415848,-2.732230437982161,2.732230437982161,IPPO,Blind,True,seed_4,IPPO_Blind_Coupled_Safety_True,44
18097,-218.90707659195033,-2.7064759937167477,2.7064759937167477,IPPO,Blind,True,seed_4,IPPO_Blind_Coupled_Safety_True,44
20104,-211.58546850374557,-2.6912065317807157,2.6912065317807157,IPPO,Blind,True,seed_4,IPPO_Blind_Coupled_Safety_True,44
22110,-206.69450718122215,-2.6424482003515526,2.6424482003515526,IPPO,Blind,True,seed_4,IPPO_Blind_Coupled_Safety_True,44
24116,-209.95894736489754,-2.6060942827632747,2.6060942827632747,IPPO,Blind,True,seed_4,IPPO_Blind_Coupled_Safety_True,44
26122,-205.55113611858928,-2.5774303107205756,2.5774303107205756,IPPO,Blind,True,seed_4,IPPO_Blind_Coupled_Safety_True,44
28128,-197.916977163182,-2.5442257971190987,2.5442257971190987,IPPO,Blind,True,seed_4,IPPO_Blind_Coupled_Safety_True,44
30135,-178.6726202648498,-2.5436522688979504,2.5436522688979504,IPPO,Blind,True,seed_4,IPPO_Blind_Coupled_Safety_True,44
32141,-167.6098909661877,-2.5099572503164804,2.5099572503164804,IPPO,Blind,True,seed_4,IPPO_Blind_Coupled_Safety_True,44
34147,-165.5590113708278,-2.4823613222387158,2.4823613222387158,IPPO,Blind,True,seed_4,IPPO_Blind_Coupled_Safety_True,44
36153,-153.30810212656974,-2.4653275134500046,2.4653275134500046,IPPO,Blind,True,seed_4,IPPO_Blind_Coupled_Safety_True,44
38160,-150.62593638062148,-2.4327065507239056,2.4327065507239056,IPPO,Blind,True,seed_4,IPPO_Blind_Coupled_Safety_True,44
40166,-134.49820939777283,-2.4118649003441446,2.4118649003441446,IPPO,Blind,True,seed_4,IPPO_Blind_Coupled_Safety_True,44
42172,-126.38450141059384,-2.3999867082273383,2.3999867082273383,IPPO,Blind,True,seed_4,IPPO_Blind_Coupled_Safety_True,44
44178,-116.20896033741029,-2.38098281420232,2.38098281420232,IPPO,Blind,True,seed_4,IPPO_Blind_Coupled_Safety_True,44
46184,-100.09173838401966,-2.365553025513549,2.365553025513549,IPPO,Blind,True,seed_4,IPPO_Blind_Coupled_Safety_True,44
48191,-96.33804541366253,-2.3461803003006856,2.3461803003006856,IPPO,Blind,True,seed_4,IPPO_Blind_Coupled_Safety_True,44
50197,-91.99948898102204,-2.318060275602953,2.318060275602953,IPPO,Blind,True,seed_4,IPPO_Blind_Coupled_Safety_True,44
52203,-83.59416028840813,-2.3110120209715737,2.3110120209715737,IPPO,Blind,True,seed_4,IPPO_Blind_Coupled_Safety_True,44
54209,-69.01657007844487,-2.317505371672605,2.317505371672605,IPPO,Blind,True,seed_4,IPPO_Blind_Coupled_Safety_True,44
56216,-65.93182152473575,-2.30482345148911,2.30482345148911,IPPO,Blind,True,seed_4,IPPO_Blind_Coupled_Safety_True,44
58222,-67.08342569270751,-2.2945630524518497,2.2945630524518497,IPPO,Blind,True,seed_4,IPPO_Blind_Coupled_Safety_True,44
60228,-57.99625336640604,-2.2887184976877575,2.2887184976877575,IPPO,Blind,True,seed_4,IPPO_Blind_Coupled_Safety_True,44
62234,-46.174334351580306,-2.26493870049806,2.26493870049806,IPPO,Blind,True,seed_4,IPPO_Blind_Coupled_Safety_True,44
64240,-33.703241717804104,-2.269371218287592,2.269371218287592,IPPO,Blind,True,seed_4,IPPO_Blind_Coupled_Safety_True,44
66247,-28.751077937518993,-2.25904339259394,2.25904339259394,IPPO,Blind,True,seed_4,IPPO_Blind_Coupled_Safety_True,44
68253,-23.94872464440976,-2.260714557371199,2.260714557371199,IPPO,Blind,True,seed_4,IPPO_Blind_Coupled_Safety_True,44
70259,-14.562778491028256,-2.2420007897196923,2.2420007897196923,IPPO,Blind,True,seed_4,IPPO_Blind_Coupled_Safety_True,44
72265,-15.993348226030086,-2.2446504641854217,2.2446504641854217,IPPO,Blind,True,seed_4,IPPO_Blind_Coupled_Safety_True,44
74272,-12.106746838295852,-2.2377117271170532,2.2377117271170532,IPPO,Blind,True,seed_4,IPPO_Blind_Coupled_Safety_True,44
76278,-6.954941790796993,-2.2290165648402,2.2290165648402,IPPO,Blind,True,seed_4,IPPO_Blind_Coupled_Safety_True,44
78284,-1.8677067202150275,-2.218334434115495,2.218334434115495,IPPO,Blind,True,seed_4,IPPO_Blind_Coupled_Safety_True,44
80290,-0.10286354378691985,-2.2051566090247072,2.2051566090247072,IPPO,Blind,True,seed_4,IPPO_Blind_Coupled_Safety_True,44
82296,2.9597205234650965,-2.2020531644113257,2.2020531644113257,IPPO,Blind,True,seed_4,IPPO_Blind_Coupled_Safety_True,44
84303,-0.2449541302925949,-2.1919308611412918,2.1919308611412918,IPPO,Blind,True,seed_4,IPPO_Blind_Coupled_Safety_True,44
86309,1.8724118711783304,-2.1711157317861813,2.1711157317861813,IPPO,Blind,True,seed_4,IPPO_Blind_Coupled_Safety_True,44
88315,6.0856382988087185,-2.1580672959697775,2.1580672959697775,IPPO,Blind,True,seed_4,IPPO_Blind_Coupled_Safety_True,44
90321,6.814187706271159,-2.1512681599867944,2.1512681599867944,IPPO,Blind,True,seed_4,IPPO_Blind_Coupled_Safety_True,44
92328,9.506603270714203,-2.1470077866775292,2.1470077866775292,IPPO,Blind,True,seed_4,IPPO_Blind_Coupled_Safety_True,44
94334,12.27530318887047,-2.1412077946579617,2.1412077946579617,IPPO,Blind,True,seed_4,IPPO_Blind_Coupled_Safety_True,44
96340,13.467091592375276,-2.1394251219929425,2.1394251219929425,IPPO,Blind,True,seed_4,IPPO_Blind_Coupled_Safety_True,44
98346,15.144337610956738,-2.1290768206360373,2.1290768206360373,IPPO,Blind,True,seed_4,IPPO_Blind_Coupled_Safety_True,44
100353,16.714863527352435,-2.126093888259782,2.126093888259782,IPPO,Blind,True,seed_4,IPPO_Blind_Coupled_Safety_True,44
